-- phpMyAdmin SQL Dump
-- version 5.2.0
-- https://www.phpmyadmin.net/
--
-- Host: localhost
-- Generation Time: Jun 09, 2023 at 02:38 PM
-- Server version: 8.0.30
-- PHP Version: 8.1.10

SET SQL_MODE = "NO_AUTO_VALUE_ON_ZERO";
START TRANSACTION;
SET time_zone = "+00:00";


/*!40101 SET @OLD_CHARACTER_SET_CLIENT=@@CHARACTER_SET_CLIENT */;
/*!40101 SET @OLD_CHARACTER_SET_RESULTS=@@CHARACTER_SET_RESULTS */;
/*!40101 SET @OLD_COLLATION_CONNECTION=@@COLLATION_CONNECTION */;
/*!40101 SET NAMES utf8mb4 */;

--
-- Database: `task`
--

-- --------------------------------------------------------

--
-- Table structure for table `products`
--

CREATE TABLE `products` (
  `id` bigint UNSIGNED NOT NULL,
  `code` varchar(20) CHARACTER SET utf8mb4 COLLATE utf8mb4_unicode_ci NOT NULL,
  `name` varchar(191) CHARACTER SET utf8mb4 COLLATE utf8mb4_unicode_ci NOT NULL,
  `purchase_rate` decimal(18,2) NOT NULL DEFAULT '0.00',
  `sale_rate` decimal(18,2) NOT NULL DEFAULT '0.00',
  `created_at` timestamp NULL DEFAULT NULL,
  `updated_at` timestamp NULL DEFAULT NULL
) ENGINE=MyISAM DEFAULT CHARSET=utf8mb4 COLLATE=utf8mb4_unicode_ci;

--
-- Dumping data for table `products`
--

INSERT INTO `products` (`id`, `code`, `name`, `purchase_rate`, `sale_rate`, `created_at`, `updated_at`) VALUES
(1, 'P00001', 'Motul 1030', '450.00', '650.00', '2022-11-13 10:51:25', '2022-11-13 10:51:25'),
(2, 'P00002', 'Motul1040', '471.00', '650.00', '2022-11-13 10:52:13', '2022-11-13 10:52:13'),
(3, 'P00003', 'Motul Ultra', '465.00', '650.00', '2022-11-13 10:52:49', '2022-11-13 10:52:49'),
(4, 'P00004', 'XPS Special', '650.00', '800.00', '2022-11-13 10:53:21', '2022-11-13 10:53:21'),
(5, 'P00005', 'Mt Danger Shark', '5500.00', '6500.00', '2022-11-13 10:54:08', '2022-11-13 10:54:08'),
(6, 'P00006', 'Mt Stinger', '6150.00', '7000.00', '2022-11-13 10:54:39', '2023-01-03 16:57:00'),
(7, 'P00007', 'Axor Solid Black', '4500.00', '5500.00', '2022-11-13 10:55:24', '2022-11-13 10:55:24'),
(8, 'P00008', 'Axor Rage', '5500.00', '6500.00', '2022-11-13 10:55:50', '2022-11-13 10:55:50'),
(9, 'P00009', 'Preelee 17/70', '6500.00', '7200.00', '2022-11-13 10:56:45', '2022-11-13 10:56:45'),
(10, 'P00010', 'Preelee Angel City', '6900.00', '8000.00', '2022-11-13 10:57:36', '2022-11-13 10:57:36'),
(11, 'P00011', 'Quickfix Tyre Gel', '350.00', '450.00', '2022-11-13 11:01:26', '2023-01-21 18:38:43'),
(12, 'P00012', 'iPhone Xs Max', '35000.00', '40000.00', '2022-12-07 11:16:40', '2022-12-07 11:16:40'),
(13, 'P00013', 'iPhone 14 Pro Max', '165000.00', '166000.00', '2023-01-01 18:18:08', '2023-01-13 23:02:54'),
(14, 'P00014', 'Pran Dal', '4.00', '5.00', '2023-01-09 18:04:53', '2023-01-09 18:04:53'),
(15, 'P00015', 'Horlicks', '392.00', '420.00', '2023-01-10 05:08:46', '2023-01-10 05:08:46'),
(16, 'P00016', 'Long Sweater', '300.00', '400.00', '2023-01-10 12:38:57', '2023-01-10 12:38:57'),
(17, 'P00017', 'SHAHI HOME CHARGER 1A', '80.00', '120.00', '2023-01-10 15:26:37', '2023-01-10 15:26:37'),
(18, 'P00018', 'Tulsi 100ml', '10.00', '12.00', '2023-01-10 15:35:26', '2023-01-10 15:36:32'),
(19, 'P00019', 'Muscan Oil 5 Liter', '866.00', '870.00', '2023-01-13 23:18:59', '2023-01-13 23:18:59'),
(20, 'P00020', 'Tulsi', '10.00', '12.00', '2023-01-14 11:27:03', '2023-01-14 11:27:03'),
(21, 'P00021', 'Rivo', '70.00', '75.00', '2023-01-14 11:40:25', '2023-01-14 11:40:25'),
(22, 'P00022', 'Omgen', '50.00', '65.00', '2023-01-14 16:40:52', '2023-01-14 16:40:52'),
(23, 'P00023', 'Perasitamol 10mg', '110.00', '150.00', '2023-01-14 22:29:39', '2023-01-14 22:29:39'),
(24, 'P00024', 'Vaseline', '70.00', '95.00', '2023-01-14 23:33:43', '2023-01-15 18:27:18'),
(25, 'P00025', 'Ruchi Chanachur', '12.00', '15.00', '2023-01-15 02:43:15', '2023-01-15 02:43:15'),
(26, 'P00026', 'Lux Soap Big', '55.00', '70.00', '2023-01-15 03:34:02', '2023-01-15 03:34:02'),
(27, 'P00027', 'নান', '2200.00', '2500.00', '2023-01-25 07:25:46', '2023-01-27 07:33:54'),
(28, 'P00027', 'tin', '250.00', '280.00', '2023-01-27 15:18:10', '2023-01-27 15:18:10'),
(29, 'P00029', 'ONU', '400.00', '500.00', '2023-02-04 12:07:49', '2023-02-04 12:07:49'),
(30, 'P00030', 'Petrol', '130.00', '135.00', '2023-02-04 12:16:47', '2023-02-04 12:16:47'),
(31, 'P00031', 'Mini Wall Self', '700.00', '1490.00', '2023-02-06 16:33:02', '2023-02-06 16:33:02'),
(32, 'P00032', 'simon Water Bottel 500ml', '65.00', '120.00', '2023-02-09 16:33:16', '2023-02-09 16:33:16'),
(33, 'P00033', 'Ergocof', '38.00', '75.00', '2023-02-09 21:24:46', '2023-02-09 21:24:46'),
(34, 'P00034', 'Asaban', '5000.00', '5200.00', '2023-02-14 00:05:46', '2023-04-14 01:23:45'),
(35, 'P00035', 'সেতারা ৫০ মিলি', '60.00', '70.00', '2023-02-14 08:29:53', '2023-02-14 08:29:53'),
(36, 'P00036', 'Qucickfix Foam Shampoo', '170.00', '350.00', '2023-02-18 16:30:33', '2023-02-20 21:48:16'),
(37, 'P00037', '6 FUTI 120 TK', '205.00', '225.00', '2023-02-19 09:54:26', '2023-02-20 18:57:39'),
(38, 'P00038', 'Wfa 1f3', '28500.00', '32990.00', '2023-02-20 10:27:38', '2023-02-20 10:27:38'),
(39, 'P00039', 'KTS442UT', '100000.00', '120000.00', '2023-02-23 14:21:44', '2023-02-23 14:21:44'),
(40, 'P00040', 'Maize', '35.75', '38.75', '2023-02-26 14:02:48', '2023-04-02 11:08:15'),
(41, 'P00041', 'ms plate', '110.00', '115.00', '2023-04-04 12:04:04', '2023-04-04 12:04:04'),
(42, 'P00042', 'gh', '747856.00', '543456374245.00', '2023-04-04 21:49:57', '2023-04-04 21:49:57'),
(43, 'P00043', 'Star', '100.00', '110.00', '2023-04-06 10:16:47', '2023-04-09 19:26:49'),
(44, 'P00044', 'samop', '50.00', '60.00', '2023-04-06 21:55:32', '2023-04-09 19:26:42'),
(45, 'P00045', 'Fashion Lock Bag', '430.00', '790.00', '2023-04-09 11:42:16', '2023-04-09 11:42:16'),
(46, 'P00046', 'dsaFD', '91.00', '100.00', '2023-04-29 18:58:35', '2023-04-29 18:58:35'),
(47, 'P00047', 'dsaFD2', '90.00', '10.00', '2023-04-29 18:59:31', '2023-04-29 18:59:31'),
(48, 'P00048', 'Fiber Optic', '3500.00', '5500.00', '2023-05-02 16:24:57', '2023-05-02 16:24:57'),
(49, 'P00049', 'sdfg', '34.00', '34.00', '2023-05-18 10:29:34', '2023-05-18 10:30:43'),
(50, 'P00050', 'Fashion d', '23.00', '23.00', '2023-05-18 10:30:25', '2023-05-18 10:30:47'),
(51, 'P00049', 'asdf', '400.00', '500.00', '2023-05-18 10:31:14', '2023-05-18 10:31:26'),
(52, 'P00049', '1 Fashion', '400.00', '500.00', '2023-05-18 10:31:51', '2023-05-18 10:31:51'),
(53, 'P00053', 'asd', '30.00', '32.00', '2023-05-18 10:34:27', '2023-05-18 13:00:33'),
(54, 'P00054', '57 mm 50 yds, Clear', '30.00', '32.00', '2023-05-18 10:36:04', '2023-05-18 10:36:04'),
(55, 'P00055', '57mm 50yds, Clear Tape', '30.00', '32.00', '2023-05-18 10:36:44', '2023-05-18 10:36:44'),
(56, 'P00056', 'MAGNET PIK UP', '1.00', '1.00', '2023-05-19 09:23:58', '2023-05-19 09:23:58'),
(57, 'P00057', 'MAGNAT PIK UP BLACK', '120.00', '140.00', '2023-05-19 13:14:00', '2023-05-19 13:14:00'),
(58, 'P00058', '11 TH LOHA', '44.00', '44.00', '2023-05-19 13:16:09', '2023-05-19 13:16:09'),
(59, 'P00059', 'R170 GASKAT', '6.00', '3.00', '2023-05-19 13:17:10', '2023-05-20 15:05:04'),
(60, 'P00060', 'DEMO', '1222.00', '12222.00', '2023-05-20 06:23:42', '2023-05-23 17:05:05'),
(61, 'P00061', '325-16 SHOCK ABSORBER-N2', '1000.00', '1600.00', '2023-05-20 15:08:56', '2023-05-20 15:08:56'),
(62, 'P00062', 'Havit MS871', '350.00', '450.00', '2023-05-20 15:47:27', '2023-05-20 15:47:27'),
(63, 'P00063', 'A4 Tech Mouse', '270.00', '350.00', '2023-05-20 15:48:54', '2023-05-20 15:48:54'),
(64, 'P00064', 'Kangaro Stapler', '180.00', '250.00', '2023-05-20 15:50:07', '2023-05-20 15:50:07'),
(65, 'P00065', 'Kinley', '12.00', '15.00', '2023-05-20 17:00:51', '2023-05-20 17:00:51'),
(66, 'P00066', 'جلاكسي', '1400.00', '1500.00', '2023-05-20 23:19:41', '2023-05-23 11:30:26'),
(67, 'P00067', 'বোরাক ডিফেন্সিয়াল', '9500.00', '12000.00', '2023-05-23 11:30:15', '2023-05-24 13:30:38'),
(68, 'P00068', 'ST Dimond', '300.00', '400.00', '2023-05-27 12:28:13', '2023-05-27 12:28:13'),
(69, 'P00069', 'Fresh Hand Tisu', '40.00', '50.00', '2023-05-27 12:33:03', '2023-05-27 12:33:03'),
(70, 'P00070', 'polo easy', '700.00', '900.00', '2023-05-30 16:34:29', '2023-05-30 16:34:29'),
(71, 'P00071', 'polo easy 2', '910.00', '1200.00', '2023-05-30 16:36:58', '2023-05-30 16:36:58'),
(72, 'P00072', '51', '51.00', '51.00', '2023-06-05 12:04:45', '2023-06-05 12:04:45');

-- --------------------------------------------------------

--
-- Table structure for table `purchases`
--

CREATE TABLE `purchases` (
  `id` bigint UNSIGNED NOT NULL,
  `invoice` varchar(40) CHARACTER SET utf8mb4 COLLATE utf8mb4_unicode_ci NOT NULL,
  `date` date NOT NULL,
  `total` decimal(18,2) NOT NULL DEFAULT '0.00',
  `sub_total` decimal(18,2) NOT NULL DEFAULT '0.00',
  `discount` decimal(18,2) NOT NULL DEFAULT '0.00',
  `transport` decimal(18,2) NOT NULL DEFAULT '0.00',
  `vat` decimal(18,2) NOT NULL DEFAULT '0.00',
  `paid` decimal(18,2) NOT NULL DEFAULT '0.00',
  `due` decimal(18,2) NOT NULL DEFAULT '0.00',
  `previous_due` decimal(18,2) NOT NULL DEFAULT '0.00',
  `status` varchar(1) CHARACTER SET utf8mb4 COLLATE utf8mb4_unicode_ci NOT NULL DEFAULT 'a' COMMENT 'a => active, d => deactive',
  `created_at` timestamp NULL DEFAULT NULL,
  `updated_at` timestamp NULL DEFAULT NULL
) ENGINE=MyISAM DEFAULT CHARSET=utf8mb4 COLLATE=utf8mb4_unicode_ci;

--
-- Dumping data for table `purchases`
--

INSERT INTO `purchases` (`id`, `invoice`, `date`, `total`, `sub_total`, `discount`, `transport`, `vat`, `paid`, `due`, `previous_due`, `status`, `created_at`, `updated_at`) VALUES
(1, '2022000001', '2022-11-13', '1623500.00', '1618500.00', '0.00', '5000.00', '0.00', '1000000.00', '623500.00', '0.00', 'a', '2022-11-13 11:09:34', '2022-11-13 11:09:34'),
(2, '2022000002', '2022-11-13', '977000.00', '975000.00', '0.00', '2000.00', '0.00', '500000.00', '477000.00', '0.00', 'a', '2022-11-13 11:13:27', '2022-11-13 11:13:27'),
(3, '2022000003', '2022-11-13', '3905000.00', '3900000.00', '0.00', '5000.00', '0.00', '0.00', '3905000.00', '0.00', 'a', '2022-11-13 11:18:25', '2022-11-13 11:18:25'),
(4, '2022000004', '2022-11-13', '3500000.00', '3500000.00', '0.00', '0.00', '0.00', '1000000.00', '2500000.00', '0.00', 'a', '2022-11-13 11:19:28', '2022-11-13 11:19:28'),
(5, '2022000005', '2022-11-13', '9744000.00', '10150000.00', '406000.00', '0.00', '0.00', '0.00', '9744000.00', '0.00', 'a', '2022-11-13 11:28:06', '2022-11-13 11:28:06'),
(6, '2022000006', '2022-11-13', '44175.00', '46500.00', '2325.00', '0.00', '0.00', '0.00', '44175.00', '0.00', 'a', '2022-11-13 18:19:52', '2022-11-13 18:19:52'),
(7, '2022000007', '2022-11-13', '34800.00', '35000.00', '700.00', '500.00', '0.00', '0.00', '34800.00', '0.00', 'a', '2022-11-13 21:52:38', '2022-11-13 21:52:38'),
(8, '2022000008', '2022-11-14', '226700.00', '232500.00', '6000.00', '200.00', '0.00', '200000.00', '26700.00', '0.00', 'a', '2022-11-14 13:24:05', '2022-11-14 13:24:05'),
(9, '2022000009', '2022-11-29', '351000.00', '350000.00', '0.00', '1000.00', '0.00', '300000.00', '51000.00', '0.00', 'a', '2022-11-29 12:38:27', '2022-11-29 12:38:27'),
(10, '2022000010', '2022-12-04', '333500.00', '350000.00', '17500.00', '1000.00', '0.00', '100000.00', '233500.00', '0.00', 'a', '2022-12-04 22:17:42', '2022-12-04 22:17:42'),
(11, '2022000011', '2022-12-07', '701000.00', '700000.00', '0.00', '1000.00', '0.00', '500000.00', '201000.00', '0.00', 'a', '2022-12-07 11:18:24', '2022-12-07 11:18:24'),
(12, '2022000012', '2022-12-20', '1750000.00', '1750000.00', '0.00', '0.00', '0.00', '1750000.00', '0.00', '0.00', 'a', '2022-12-20 16:22:35', '2022-12-20 16:22:35'),
(13, '2023000001', '2023-01-03', '30750.00', '30750.00', '0.00', '0.00', '0.00', '3075.00', '27675.00', '0.00', 'a', '2023-01-03 17:00:25', '2023-01-03 17:00:25'),
(14, '2023000002', '2023-01-08', '45175.00', '46500.00', '2325.00', '1000.00', '0.00', '40000.00', '5175.00', '0.00', 'a', '2023-01-08 12:19:31', '2023-01-08 12:19:31'),
(15, '2023000003', '2023-01-08', '319000.00', '319000.00', '0.00', '0.00', '0.00', '0.00', '319000.00', '0.00', 'a', '2023-01-08 15:58:13', '2023-01-08 15:58:13'),
(16, '2023000004', '2023-01-09', '40300.00', '40000.00', '0.00', '300.00', '0.00', '20000.00', '20300.00', '0.00', 'a', '2023-01-09 18:07:22', '2023-01-09 18:07:22'),
(17, '2023000005', '2023-01-09', '584250.00', '615000.00', '30750.00', '0.00', '0.00', '0.00', '584250.00', '0.00', 'a', '2023-01-09 18:09:40', '2023-01-09 18:09:40'),
(18, '2023000006', '2023-01-10', '8000.00', '8000.00', '0.00', '0.00', '0.00', '5000.00', '3000.00', '0.00', 'a', '2023-01-10 15:30:25', '2023-01-10 15:30:25'),
(19, '2023000007', '2023-01-13', '347900.00', '347400.00', '0.00', '500.00', '0.00', '300000.00', '47900.00', '0.00', 'a', '2023-01-13 23:21:52', '2023-01-13 23:21:52'),
(20, '2023000008', '2023-01-14', '20000.00', '20000.00', '0.00', '0.00', '0.00', '10000.00', '10000.00', '0.00', 'a', '2023-01-14 11:28:23', '2023-01-14 11:28:23'),
(21, '2023000009', '2023-01-14', '5250000.00', '5250000.00', '0.00', '0.00', '0.00', '0.00', '5250000.00', '0.00', 'a', '2023-01-14 11:40:59', '2023-01-14 11:40:59'),
(22, '2023000010', '2023-01-14', '110200.00', '110000.00', '0.00', '200.00', '0.00', '50000.00', '60200.00', '0.00', 'a', '2023-01-14 22:31:01', '2023-01-14 22:31:01'),
(23, '2023000011', '2023-01-14', '667000.00', '700000.00', '35000.00', '2000.00', '0.00', '200000.00', '467000.00', '0.00', 'a', '2023-01-14 23:35:20', '2023-01-14 23:35:20'),
(24, '2023000012', '2023-01-14', '11760.00', '12000.00', '240.00', '0.00', '0.00', '10000.00', '1760.00', '0.00', 'a', '2023-01-15 02:44:04', '2023-01-15 02:44:04'),
(25, '2023000013', '2023-01-14', '59400.00', '62000.00', '3100.00', '500.00', '0.00', '20000.00', '39400.00', '0.00', 'a', '2023-01-15 03:35:22', '2023-01-15 03:35:22'),
(26, '2023000014', '2023-01-15', '3080.00', '3500.00', '525.00', '0.00', '105.00', '0.00', '3080.00', '0.00', 'a', '2023-01-15 18:29:44', '2023-01-15 18:29:44'),
(27, '2023000015', '2023-01-16', '336.00', '320.00', '0.00', '0.00', '16.00', '0.00', '336.00', '0.00', 'a', '2023-01-16 11:03:52', '2023-01-16 11:03:52'),
(28, '2023000016', '2023-01-16', '12038.46', '11682.00', '0.00', '6.00', '350.46', '0.00', '12038.46', '0.00', 'a', '2023-01-16 12:12:52', '2023-01-16 12:12:52'),
(29, '2023000017', '2023-01-19', '100000.00', '100000.00', '0.00', '0.00', '0.00', '100000.00', '0.00', '0.00', 'a', '2023-01-19 11:46:59', '2023-01-19 11:46:59'),
(30, '2023000018', '2023-01-21', '175000.00', '175000.00', '0.00', '0.00', '0.00', '100000.00', '75000.00', '0.00', 'a', '2023-01-21 18:42:03', '2023-01-21 18:42:03'),
(31, '2023000019', '2023-01-21', '1650.00', '1650.00', '0.00', '0.00', '0.00', '0.00', '1650.00', '0.00', 'a', '2023-01-21 21:00:35', '2023-01-21 21:00:35'),
(32, '2023000020', '2023-01-24', '2600.00', '2600.00', '0.00', '0.00', '0.00', '0.00', '2600.00', '0.00', 'a', '2023-01-24 22:44:37', '2023-01-24 22:44:37'),
(33, '2023000021', '2023-01-25', '3250.00', '3250.00', '0.00', '0.00', '0.00', '3250.00', '0.00', '0.00', 'a', '2023-01-25 11:59:28', '2023-01-25 11:59:28'),
(34, '2023000022', '2023-01-26', '13750.00', '13750.00', '0.00', '0.00', '0.00', '0.00', '13750.00', '0.00', 'a', '2023-01-26 15:35:25', '2023-01-26 15:35:25'),
(35, '2023000023', '2023-01-27', '550.00', '550.00', '0.00', '0.00', '0.00', '0.00', '550.00', '0.00', 'a', '2023-01-27 14:04:24', '2023-01-27 14:04:24'),
(36, '2023000024', '2023-01-28', '4720.00', '4820.00', '200.00', '100.00', '0.00', '4720.00', '0.00', '0.00', 'a', '2023-01-29 03:54:56', '2023-01-29 03:54:56'),
(37, '2023000025', '2023-01-28', '210.00', '210.00', '0.00', '0.00', '0.00', '0.00', '210.00', '0.00', 'a', '2023-01-29 03:58:12', '2023-01-29 03:58:12'),
(38, '2023000026', '2023-01-30', '31220.00', '31220.00', '0.00', '0.00', '0.00', '100.00', '31120.00', '0.00', 'a', '2023-01-30 09:44:58', '2023-01-30 09:44:58'),
(39, '2023000027', '2023-01-30', '39200.00', '39200.00', '0.00', '0.00', '0.00', '20000.00', '19200.00', '0.00', 'a', '2023-01-30 11:47:42', '2023-01-30 11:47:42'),
(40, '2023000028', '2023-01-31', '12.00', '12.00', '0.00', '0.00', '0.00', '0.00', '12.00', '0.00', 'a', '2023-01-31 14:13:12', '2023-01-31 14:13:12'),
(41, '2023000029', '2023-01-31', '25.20', '24.00', '0.00', '0.00', '1.20', '26.00', '-0.80', '0.00', 'a', '2023-01-31 16:28:13', '2023-01-31 16:28:13'),
(42, '2023000030', '2023-01-31', '192250.00', '183000.00', '4575.00', '100.00', '13725.00', '192250.00', '0.00', '0.00', 'a', '2023-01-31 16:34:44', '2023-01-31 16:34:44'),
(43, '2023000031', '2023-01-31', '250.00', '250.00', '0.00', '0.00', '0.00', '0.00', '250.00', '0.00', 'a', '2023-01-31 17:41:55', '2023-01-31 17:41:55'),
(44, '2023000032', '2023-02-01', '5500.00', '5500.00', '0.00', '0.00', '0.00', '0.00', '5500.00', '0.00', 'a', '2023-02-01 12:15:19', '2023-02-01 12:15:19'),
(45, '2023000033', '2023-02-01', '62524.00', '62500.00', '0.00', '24.00', '0.00', '62000.00', '524.00', '0.00', 'd', '2023-02-01 15:31:24', '2023-02-24 22:15:01'),
(46, '2023000034', '2023-02-04', '4000.00', '4000.00', '0.00', '0.00', '0.00', '0.00', '4000.00', '0.00', 'a', '2023-02-04 12:08:54', '2023-02-04 12:08:54'),
(47, '2023000035', '2023-02-04', '260.00', '260.00', '0.00', '0.00', '0.00', '0.00', '260.00', '0.00', 'a', '2023-02-04 12:44:39', '2023-02-04 12:44:39'),
(48, '2023000036', '2023-02-05', '130.00', '130.00', '0.00', '0.00', '0.00', '0.00', '130.00', '0.00', 'a', '2023-02-05 18:29:15', '2023-02-05 18:29:15'),
(49, '2023000037', '2023-02-07', '2600.00', '2600.00', '0.00', '0.00', '0.00', '1000.00', '1600.00', '0.00', 'a', '2023-02-07 13:40:24', '2023-02-07 13:40:24'),
(50, '2023000038', '2023-02-07', '10130.00', '130.00', '0.00', '10000.00', '0.00', '5000.00', '5130.00', '0.00', 'a', '2023-02-07 14:05:03', '2023-02-07 14:05:03'),
(51, '2023000039', '2023-02-07', '13000.00', '13000.00', '0.00', '0.00', '0.00', '0.00', '13000.00', '0.00', 'a', '2023-02-07 16:36:55', '2023-02-07 16:36:55'),
(52, '2023000040', '2023-02-09', '8125.00', '8125.00', '0.00', '0.00', '0.00', '8125.00', '0.00', '0.00', 'a', '2023-02-09 16:47:09', '2023-02-09 16:47:09'),
(53, '2023000041', '2023-02-10', '24674.00', '24674.00', '0.00', '0.00', '0.00', '3444.00', '21230.00', '0.00', 'a', '2023-02-10 19:48:14', '2023-02-10 19:48:14'),
(54, '2023000042', '2023-02-15', '180.00', '180.00', '0.00', '0.00', '0.00', '0.00', '180.00', '0.00', 'a', '2023-02-15 19:26:08', '2023-02-15 19:26:08'),
(55, '2023000043', '2023-02-15', '14060.00', '14060.00', '0.00', '0.00', '0.00', '0.00', '14060.00', '0.00', 'a', '2023-02-15 21:22:49', '2023-02-15 21:22:49'),
(56, '2023000044', '2023-02-18', '345500.00', '345000.00', '0.00', '500.00', '0.00', '100000.00', '245500.00', '0.00', 'a', '2023-02-18 16:35:09', '2023-02-18 16:35:09'),
(57, '2023000045', '2023-02-19', '4100.00', '4100.00', '0.00', '0.00', '0.00', '0.00', '4100.00', '0.00', 'a', '2023-02-19 09:59:45', '2023-02-19 09:59:45'),
(58, '2023000046', '2023-02-19', '10762.50', '10250.00', '512.50', '0.00', '1025.00', '0.00', '10762.50', '0.00', 'a', '2023-02-19 13:00:52', '2023-02-19 13:00:52'),
(59, '2023000047', '2023-02-22', '2050.00', '2050.00', '0.00', '0.00', '0.00', '0.00', '2050.00', '0.00', 'd', '2023-02-22 12:37:31', '2023-02-24 22:14:45'),
(60, '2023000048', '2023-02-26', '375500.00', '357500.00', '0.00', '18000.00', '0.00', '375500.00', '0.00', '0.00', 'a', '2023-02-26 14:04:29', '2023-02-26 14:05:19'),
(61, '2023000049', '2023-02-28', '1000000.00', '1000000.00', '0.00', '0.00', '0.00', '950000.00', '50000.00', '0.00', 'a', '2023-02-28 14:51:48', '2023-02-28 14:54:21'),
(62, '2023000050', '2023-03-02', '225500.00', '225000.00', '0.00', '500.00', '0.00', '1000000.00', '-774500.00', '0.00', 'a', '2023-03-02 11:56:57', '2023-03-02 11:56:57'),
(63, '2023000051', '2023-03-10', '2800.00', '2800.00', '0.00', '0.00', '0.00', '0.00', '2800.00', '0.00', 'a', '2023-03-10 23:13:36', '2023-03-10 23:13:36'),
(64, '2023000052', '2023-03-21', '340.00', '340.00', '0.00', '0.00', '0.00', '0.00', '340.00', '0.00', 'a', '2023-03-21 15:40:55', '2023-03-21 15:40:55'),
(65, '2023000053', '2023-03-27', '1723.00', '1723.00', '0.00', '0.00', '0.00', '1723.00', '0.00', '0.00', 'a', '2023-03-27 07:42:26', '2023-03-27 07:42:26'),
(66, '2023000054', '2023-03-27', '28875.00', '28875.00', '0.00', '0.00', '0.00', '0.00', '28875.00', '0.00', 'a', '2023-03-27 14:05:57', '2023-03-27 14:05:57'),
(67, '2023000055', '2023-03-31', '20875.00', '20875.00', '0.00', '0.00', '0.00', '0.00', '20875.00', '0.00', 'a', '2023-03-31 18:51:03', '2023-03-31 18:51:03'),
(68, '2023000056', '2023-04-02', '720008.00', '729600.00', '14592.00', '5000.00', '0.00', '500000.00', '220008.00', '0.00', 'a', '2023-04-02 11:10:09', '2023-04-02 11:10:09'),
(69, '2023000057', '2023-04-02', '375500.00', '375000.00', '0.00', '500.00', '0.00', '0.00', '375500.00', '0.00', 'a', '2023-04-02 11:41:54', '2023-04-02 11:41:54'),
(70, '2023000058', '2023-04-04', '11000.00', '11000.00', '0.00', '0.00', '0.00', '0.00', '11000.00', '0.00', 'a', '2023-04-04 12:06:12', '2023-04-04 12:06:12'),
(71, '2023000059', '2023-04-09', '86000.00', '86000.00', '0.00', '0.00', '0.00', '0.00', '86000.00', '0.00', 'a', '2023-04-09 11:46:40', '2023-04-09 11:46:40'),
(72, '2023000060', '2023-04-15', '18696829.00', '18696829.00', '0.00', '0.00', '0.00', '0.00', '18696829.00', '0.00', 'a', '2023-04-15 21:34:51', '2023-04-15 21:34:51'),
(73, '2023000061', '2023-04-30', '19841.25', '19841.25', '0.00', '0.00', '0.00', '0.00', '19841.25', '0.00', 'a', '2023-04-30 22:10:29', '2023-04-30 22:10:29'),
(74, '2023000062', '2023-05-02', '170750.00', '175000.00', '12250.00', '1000.00', '7000.00', '0.00', '170750.00', '0.00', 'a', '2023-05-02 16:27:04', '2023-05-02 16:27:04'),
(75, '2023000063', '2023-05-12', '70.00', '70.00', '0.00', '0.00', '0.00', '0.00', '70.00', '0.00', 'd', '2023-05-12 10:07:07', '2023-05-16 16:10:37'),
(76, '2023000064', '2023-05-12', '800000.00', '800000.00', '0.00', '0.00', '0.00', '0.00', '800000.00', '0.00', 'd', '2023-05-12 22:36:51', '2023-05-16 16:10:33'),
(77, '2023000065', '2023-05-13', '6150.00', '6150.00', '0.00', '0.00', '0.00', '6150.00', '0.00', '0.00', 'd', '2023-05-13 22:38:37', '2023-05-16 16:10:29'),
(78, '2023000066', '2023-05-14', '3300.00', '3200.00', '0.00', '100.00', '0.00', '300.00', '3000.00', '0.00', 'd', '2023-05-14 09:22:31', '2023-05-14 17:32:46'),
(79, '2023000067', '2023-05-15', '22294.00', '22294.00', '0.00', '0.00', '0.00', '0.00', '22294.00', '0.00', 'd', '2023-05-15 10:40:24', '2023-05-16 16:10:25'),
(80, '2023000068', '2023-05-16', '5000.00', '5000.00', '0.00', '0.00', '0.00', '0.00', '5000.00', '0.00', 'd', '2023-05-16 16:06:03', '2023-05-16 16:10:13'),
(81, '2023000069', '2023-05-16', '585500.00', '585500.00', '0.00', '0.00', '0.00', '0.00', '585500.00', '0.00', 'd', '2023-05-16 16:12:33', '2023-05-16 16:18:47'),
(82, '2023000070', '2023-05-17', '10000000.00', '10000000.00', '0.00', '0.00', '0.00', '0.00', '10000000.00', '0.00', 'd', '2023-05-17 17:53:02', '2023-05-23 17:32:03'),
(83, '2023000071', '2023-05-17', '374783000.00', '374783000.00', '0.00', '0.00', '0.00', '0.00', '374783000.00', '0.00', 'a', '2023-05-18 00:07:33', '2023-05-18 00:07:33'),
(84, '2023000072', '2023-05-18', '305000.00', '305000.00', '0.00', '0.00', '0.00', '0.00', '305000.00', '0.00', 'a', '2023-05-18 10:38:38', '2023-05-18 10:38:38'),
(85, '2023000073', '2023-05-18', '45000.00', '45000.00', '0.00', '0.00', '0.00', '0.00', '45000.00', '0.00', 'a', '2023-05-18 16:14:21', '2023-05-18 16:14:21'),
(86, '2023000074', '2023-05-18', '15250.00', '15250.00', '0.00', '0.00', '0.00', '0.00', '15250.00', '0.00', 'a', '2023-05-18 16:15:36', '2023-05-18 16:15:36'),
(87, '2023000075', '2023-05-18', '15500.00', '15500.00', '0.00', '0.00', '0.00', '0.00', '15500.00', '0.00', 'd', '2023-05-18 16:23:24', '2023-05-23 17:32:46'),
(88, '2023000076', '2023-05-18', '7478560.00', '7478560.00', '0.00', '0.00', '0.00', '50000.00', '7428560.00', '0.00', 'd', '2023-05-18 19:43:49', '2023-05-23 17:32:38'),
(89, '2023000077', '2023-05-19', '10000.00', '10000.00', '0.00', '0.00', '0.00', '0.00', '10000.00', '0.00', 'd', '2023-05-19 09:30:01', '2023-05-23 17:32:51'),
(90, '2023000078', '2023-05-19', '100000.00', '100000.00', '0.00', '0.00', '0.00', '0.00', '100000.00', '0.00', 'd', '2023-05-19 09:30:57', '2023-05-23 17:32:57'),
(91, '2023000079', '2023-05-20', '200000.00', '200000.00', '0.00', '0.00', '0.00', '0.00', '200000.00', '0.00', 'd', '2023-05-20 15:11:22', '2023-05-23 17:31:52'),
(92, '2023000080', '2023-05-20', '170000.00', '170000.00', '0.00', '0.00', '0.00', '100000.00', '70000.00', '0.00', 'd', '2023-05-20 15:51:32', '2023-05-23 17:31:45'),
(93, '2023000081', '2023-05-20', '1200000.00', '1200000.00', '0.00', '0.00', '0.00', '0.00', '1200000.00', '0.00', 'd', '2023-05-20 17:01:07', '2023-05-23 17:33:00'),
(94, '2023000082', '2023-05-22', '1200000.00', '1200000.00', '0.00', '0.00', '0.00', '0.00', '1200000.00', '0.00', 'd', '2023-05-22 14:27:48', '2023-05-23 17:31:58'),
(95, '2023000083', '2023-05-22', '1260.00', '1260.00', '0.00', '0.00', '0.00', '0.00', '1260.00', '0.00', 'd', '2023-05-22 18:28:49', '2023-05-23 17:33:04'),
(96, '2023000084', '2023-05-23', '19000000.00', '19000000.00', '0.00', '0.00', '0.00', '19000000.00', '0.00', '0.00', 'a', '2023-05-23 11:33:58', '2023-05-23 11:33:58'),
(97, '2023000085', '2023-05-24', '3200000.00', '3200000.00', '0.00', '0.00', '0.00', '3200000.00', '0.00', '0.00', 'a', '2023-05-24 13:28:06', '2023-05-24 13:28:06'),
(98, '2023000086', '2023-05-24', '14250000.00', '14250000.00', '0.00', '0.00', '0.00', '14250000.00', '0.00', '0.00', 'a', '2023-05-24 13:31:21', '2023-05-24 13:31:21'),
(99, '2023000087', '2023-05-27', '90360.00', '90000.00', '0.00', '360.00', '0.00', '60000.00', '30360.00', '0.00', 'a', '2023-05-27 12:29:51', '2023-05-27 12:29:51'),
(100, '2023000088', '2023-05-27', '120000.00', '120000.00', '0.00', '0.00', '0.00', '55000.00', '65000.00', '0.00', 'a', '2023-05-27 12:33:58', '2023-05-27 12:33:58'),
(101, '2023000089', '2023-05-30', '91000.00', '91000.00', '0.00', '0.00', '0.00', '0.00', '91000.00', '0.00', 'a', '2023-05-30 16:38:16', '2023-05-30 16:38:16'),
(102, '2023000090', '2023-05-30', '35000.00', '35000.00', '0.00', '0.00', '0.00', '0.00', '35000.00', '0.00', 'a', '2023-05-30 16:40:21', '2023-05-30 16:40:21'),
(103, '2023000091', '2023-05-30', '35000.00', '35000.00', '0.00', '0.00', '0.00', '0.00', '35000.00', '0.00', 'a', '2023-05-30 16:41:27', '2023-05-30 16:41:27'),
(104, '2023000092', '2023-06-04', '4000.00', '4000.00', '0.00', '0.00', '0.00', '0.00', '4000.00', '0.00', 'a', '2023-06-04 10:50:58', '2023-06-04 10:50:58');

-- --------------------------------------------------------

--
-- Table structure for table `purchase_details`
--

CREATE TABLE `purchase_details` (
  `id` bigint UNSIGNED NOT NULL,
  `purchase_id` int UNSIGNED NOT NULL,
  `product_id` int UNSIGNED NOT NULL,
  `quantity` double(18,2) NOT NULL DEFAULT '0.00',
  `purchase_rate` decimal(18,2) NOT NULL DEFAULT '0.00',
  `sale_rate` decimal(18,2) NOT NULL DEFAULT '0.00',
  `total` decimal(18,2) NOT NULL DEFAULT '0.00',
  `discount` decimal(18,2) NOT NULL DEFAULT '0.00',
  `status` varchar(1) CHARACTER SET utf8mb4 COLLATE utf8mb4_unicode_ci NOT NULL DEFAULT 'a' COMMENT 'a => active, d => deactive',
  `added_by` int UNSIGNED DEFAULT NULL,
  `updated_by` int UNSIGNED DEFAULT NULL,
  `branch_id` int UNSIGNED DEFAULT NULL,
  `deleted_at` timestamp NULL DEFAULT NULL,
  `created_at` timestamp NULL DEFAULT NULL,
  `updated_at` timestamp NULL DEFAULT NULL
) ENGINE=MyISAM DEFAULT CHARSET=utf8mb4 COLLATE=utf8mb4_unicode_ci;

--
-- Dumping data for table `purchase_details`
--

INSERT INTO `purchase_details` (`id`, `purchase_id`, `product_id`, `quantity`, `purchase_rate`, `sale_rate`, `total`, `discount`, `status`, `added_by`, `updated_by`, `branch_id`, `deleted_at`, `created_at`, `updated_at`) VALUES
(1, 1, 3, 1500.00, '465.00', '650.00', '697500.00', '0.00', 'a', NULL, NULL, 1, NULL, '2022-11-13 11:09:35', '2022-11-13 11:09:35'),
(2, 1, 2, 1000.00, '471.00', '650.00', '471000.00', '0.00', 'a', NULL, NULL, 1, NULL, '2022-11-13 11:09:35', '2022-11-13 11:09:35'),
(3, 1, 1, 1000.00, '450.00', '650.00', '450000.00', '0.00', 'a', NULL, NULL, 1, NULL, '2022-11-13 11:09:35', '2022-11-13 11:09:35'),
(4, 2, 4, 1500.00, '650.00', '800.00', '975000.00', '0.00', 'a', NULL, NULL, 1, NULL, '2022-11-13 11:13:27', '2022-11-13 11:13:27'),
(5, 3, 8, 300.00, '5500.00', '6500.00', '1650000.00', '0.00', 'a', NULL, NULL, 1, NULL, '2022-11-13 11:18:25', '2022-11-13 11:18:25'),
(6, 3, 7, 500.00, '4500.00', '5500.00', '2250000.00', '0.00', 'a', NULL, NULL, 1, NULL, '2022-11-13 11:18:25', '2022-11-13 11:18:25'),
(7, 4, 11, 10000.00, '350.00', '450.00', '3500000.00', '0.00', 'a', NULL, NULL, 1, NULL, '2022-11-13 11:19:28', '2022-11-13 11:19:28'),
(8, 5, 9, 500.00, '6500.00', '7200.00', '3250000.00', '0.00', 'a', NULL, NULL, 1, NULL, '2022-11-13 11:28:06', '2022-11-13 11:28:06'),
(9, 5, 10, 1000.00, '6900.00', '8000.00', '6900000.00', '0.00', 'a', NULL, NULL, 1, NULL, '2022-11-13 11:28:06', '2022-11-13 11:28:06'),
(10, 6, 3, 100.00, '465.00', '650.00', '46500.00', '0.00', 'a', NULL, NULL, 1, NULL, '2022-11-13 18:19:52', '2022-11-13 18:19:52'),
(11, 7, 11, 100.00, '350.00', '450.00', '35000.00', '0.00', 'a', NULL, NULL, 1, NULL, '2022-11-13 21:52:38', '2022-11-13 21:52:38'),
(12, 8, 3, 500.00, '465.00', '650.00', '232500.00', '0.00', 'a', NULL, NULL, 1, NULL, '2022-11-14 13:24:05', '2022-11-14 13:24:05'),
(13, 9, 11, 1000.00, '350.00', '450.00', '350000.00', '0.00', 'a', NULL, NULL, 1, NULL, '2022-11-29 12:38:27', '2022-11-29 12:38:27'),
(14, 10, 11, 1000.00, '350.00', '450.00', '350000.00', '0.00', 'a', NULL, NULL, 1, NULL, '2022-12-04 22:17:42', '2022-12-04 22:17:42'),
(15, 11, 12, 20.00, '35000.00', '40000.00', '700000.00', '0.00', 'a', NULL, NULL, 1, NULL, '2022-12-07 11:18:24', '2022-12-07 11:18:24'),
(16, 12, 12, 50.00, '35000.00', '40000.00', '1750000.00', '0.00', 'a', 1, NULL, 1, NULL, '2022-12-20 16:22:35', '2022-12-20 16:22:35'),
(17, 13, 6, 5.00, '6150.00', '7000.00', '30750.00', '0.00', 'a', 1, NULL, 1, NULL, '2023-01-03 17:00:25', '2023-01-03 17:00:25'),
(18, 14, 3, 100.00, '465.00', '650.00', '46500.00', '0.00', 'a', 1, NULL, 1, NULL, '2023-01-08 12:19:31', '2023-01-08 12:19:31'),
(19, 15, 7, 2.00, '4500.00', '5500.00', '9000.00', '0.00', 'a', 1, NULL, 1, NULL, '2023-01-08 15:58:13', '2023-01-08 15:58:13'),
(20, 15, 13, 2.00, '155000.00', '165000.00', '310000.00', '0.00', 'a', 1, NULL, 1, NULL, '2023-01-08 15:58:13', '2023-01-08 15:58:13'),
(21, 16, 14, 10000.00, '4.00', '5.00', '40000.00', '0.00', 'a', 1, NULL, 1, NULL, '2023-01-09 18:07:22', '2023-01-09 18:07:22'),
(22, 17, 6, 100.00, '6150.00', '7000.00', '615000.00', '0.00', 'a', 1, NULL, 1, NULL, '2023-01-09 18:09:40', '2023-01-09 18:09:40'),
(23, 18, 17, 100.00, '80.00', '120.00', '8000.00', '0.00', 'a', 1, NULL, 1, NULL, '2023-01-10 15:30:25', '2023-01-10 15:30:25'),
(24, 19, 18, 100.00, '10.00', '12.00', '1000.00', '0.00', 'a', 1, NULL, 1, NULL, '2023-01-13 23:21:52', '2023-01-13 23:21:52'),
(25, 19, 19, 400.00, '866.00', '870.00', '346400.00', '0.00', 'a', 1, NULL, 1, NULL, '2023-01-13 23:21:52', '2023-01-13 23:21:52'),
(26, 20, 20, 2000.00, '10.00', '12.00', '20000.00', '0.00', 'a', 1, NULL, 1, NULL, '2023-01-14 11:28:23', '2023-01-14 11:28:23'),
(27, 21, 21, 75000.00, '70.00', '75.00', '5250000.00', '0.00', 'a', 1, NULL, 1, NULL, '2023-01-14 11:40:59', '2023-01-14 11:40:59'),
(28, 22, 23, 1000.00, '110.00', '150.00', '110000.00', '0.00', 'a', 1, NULL, 1, NULL, '2023-01-14 22:31:01', '2023-01-14 22:31:01'),
(29, 23, 24, 10000.00, '70.00', '100.00', '700000.00', '0.00', 'a', 1, NULL, 1, NULL, '2023-01-14 23:35:20', '2023-01-14 23:35:20'),
(30, 24, 25, 1000.00, '12.00', '15.00', '12000.00', '0.00', 'a', 1, NULL, 1, NULL, '2023-01-15 02:44:04', '2023-01-15 02:44:04'),
(31, 25, 24, 100.00, '70.00', '100.00', '7000.00', '0.00', 'a', 1, NULL, 1, NULL, '2023-01-15 03:35:22', '2023-01-15 03:35:22'),
(32, 25, 26, 1000.00, '55.00', '70.00', '55000.00', '0.00', 'a', 1, NULL, 1, NULL, '2023-01-15 03:35:22', '2023-01-15 03:35:22'),
(33, 26, 24, 50.00, '70.00', '95.00', '3500.00', '0.00', 'a', 1, NULL, 1, NULL, '2023-01-15 18:29:44', '2023-01-15 18:29:44'),
(34, 27, 24, 3.00, '70.00', '95.00', '210.00', '0.00', 'a', 1, NULL, 1, NULL, '2023-01-16 11:03:52', '2023-01-16 11:03:52'),
(35, 27, 26, 2.00, '55.00', '70.00', '110.00', '0.00', 'a', 1, NULL, 1, NULL, '2023-01-16 11:03:52', '2023-01-16 11:03:52'),
(36, 28, 19, 12.00, '866.00', '870.00', '10392.00', '0.00', 'a', 1, NULL, 1, NULL, '2023-01-16 12:12:52', '2023-01-16 12:12:52'),
(37, 28, 21, 1.00, '70.00', '75.00', '70.00', '0.00', 'a', 1, NULL, 1, NULL, '2023-01-16 12:12:52', '2023-01-16 12:12:52'),
(38, 28, 23, 10.00, '110.00', '150.00', '1100.00', '0.00', 'a', 1, NULL, 1, NULL, '2023-01-16 12:12:52', '2023-01-16 12:12:52'),
(39, 28, 25, 10.00, '12.00', '15.00', '120.00', '0.00', 'a', 1, NULL, 1, NULL, '2023-01-16 12:12:52', '2023-01-16 12:12:52'),
(40, 29, 20, 10000.00, '10.00', '12.00', '100000.00', '0.00', 'a', 1, NULL, 1, NULL, '2023-01-19 11:46:59', '2023-01-19 11:46:59'),
(41, 30, 11, 500.00, '350.00', '450.00', '175000.00', '0.00', 'a', 1, NULL, 1, NULL, '2023-01-21 18:42:03', '2023-01-21 18:42:03'),
(42, 31, 26, 30.00, '55.00', '70.00', '1650.00', '0.00', 'a', 1, NULL, 1, NULL, '2023-01-21 21:00:35', '2023-01-21 21:00:35'),
(43, 32, 14, 650.00, '4.00', '5.00', '2600.00', '0.00', 'a', 1, NULL, 1, NULL, '2023-01-24 22:44:37', '2023-01-24 22:44:37'),
(44, 33, 4, 5.00, '650.00', '800.00', '3250.00', '0.00', 'a', 1, NULL, 1, NULL, '2023-01-25 11:59:28', '2023-01-25 11:59:28'),
(45, 34, 17, 95.00, '80.00', '120.00', '7600.00', '0.00', 'a', 1, NULL, 1, NULL, '2023-01-26 15:35:25', '2023-01-26 15:35:25'),
(46, 34, 20, 65.00, '10.00', '12.00', '650.00', '0.00', 'a', 1, NULL, 1, NULL, '2023-01-26 15:35:25', '2023-01-26 15:35:25'),
(47, 34, 26, 100.00, '55.00', '70.00', '5500.00', '0.00', 'a', 1, NULL, 1, NULL, '2023-01-26 15:35:25', '2023-01-26 15:35:25'),
(48, 35, 23, 5.00, '110.00', '150.00', '550.00', '0.00', 'a', 1, NULL, 1, NULL, '2023-01-27 14:04:24', '2023-01-27 14:04:24'),
(49, 36, 19, 5.00, '866.00', '870.00', '4330.00', '0.00', 'a', 1, NULL, 1, NULL, '2023-01-29 03:54:56', '2023-01-29 03:54:56'),
(50, 36, 21, 7.00, '70.00', '75.00', '490.00', '0.00', 'a', 1, NULL, 1, NULL, '2023-01-29 03:54:56', '2023-01-29 03:54:56'),
(51, 37, 24, 3.00, '70.00', '95.00', '210.00', '0.00', 'a', 1, NULL, 1, NULL, '2023-01-29 03:58:12', '2023-01-29 03:58:12'),
(52, 38, 6, 5.00, '6150.00', '7000.00', '30750.00', '0.00', 'a', 1, NULL, 1, NULL, '2023-01-30 09:44:58', '2023-01-30 09:44:58'),
(53, 38, 21, 5.00, '70.00', '75.00', '350.00', '0.00', 'a', 1, NULL, 1, NULL, '2023-01-30 09:44:58', '2023-01-30 09:44:58'),
(54, 38, 25, 10.00, '12.00', '15.00', '120.00', '0.00', 'a', 1, NULL, 1, NULL, '2023-01-30 09:44:58', '2023-01-30 09:44:58'),
(55, 39, 15, 100.00, '392.00', '420.00', '39200.00', '0.00', 'a', 1, NULL, 2, NULL, '2023-01-30 11:47:42', '2023-01-30 11:47:42'),
(56, 40, 25, 1.00, '12.00', '15.00', '12.00', '0.00', 'a', 1, NULL, 1, NULL, '2023-01-31 14:13:12', '2023-01-31 14:13:12'),
(57, 41, 25, 2.00, '12.00', '15.00', '24.00', '0.00', 'a', 1, NULL, 1, NULL, '2023-01-31 16:28:13', '2023-01-31 16:28:13'),
(58, 42, 10, 2.00, '6900.00', '8000.00', '13800.00', '0.00', 'a', 1, NULL, 1, NULL, '2023-01-31 16:34:44', '2023-01-31 16:34:44'),
(59, 42, 3, 1.00, '465.00', '650.00', '465.00', '0.00', 'a', 1, NULL, 1, NULL, '2023-01-31 16:34:44', '2023-01-31 16:34:44'),
(60, 42, 4, 2.00, '650.00', '800.00', '1300.00', '0.00', 'a', 1, NULL, 1, NULL, '2023-01-31 16:34:44', '2023-01-31 16:34:44'),
(61, 42, 13, 1.00, '165000.00', '166000.00', '165000.00', '0.00', 'a', 1, NULL, 1, NULL, '2023-01-31 16:34:44', '2023-01-31 16:34:44'),
(62, 42, 17, 5.00, '80.00', '120.00', '400.00', '0.00', 'a', 1, NULL, 1, NULL, '2023-01-31 16:34:44', '2023-01-31 16:34:44'),
(63, 42, 14, 10.00, '4.00', '5.00', '40.00', '0.00', 'a', 1, NULL, 1, NULL, '2023-01-31 16:34:44', '2023-01-31 16:34:44'),
(64, 42, 22, 5.00, '50.00', '65.00', '250.00', '0.00', 'a', 1, NULL, 1, NULL, '2023-01-31 16:34:44', '2023-01-31 16:34:44'),
(65, 42, 24, 2.00, '70.00', '95.00', '140.00', '0.00', 'a', 1, NULL, 1, NULL, '2023-01-31 16:34:44', '2023-01-31 16:34:44'),
(66, 42, 28, 5.00, '255.00', '280.00', '1275.00', '0.00', 'a', 1, NULL, 1, NULL, '2023-01-31 16:34:44', '2023-01-31 16:34:44'),
(67, 42, 26, 6.00, '55.00', '70.00', '330.00', '0.00', 'a', 1, NULL, 1, NULL, '2023-01-31 16:34:44', '2023-01-31 16:34:44'),
(68, 43, 28, 1.00, '250.00', '280.00', '250.00', '0.00', 'a', 1, NULL, 1, NULL, '2023-01-31 17:41:55', '2023-01-31 17:41:55'),
(69, 44, 23, 50.00, '110.00', '150.00', '5500.00', '0.00', 'a', 1, NULL, 1, NULL, '2023-02-01 12:15:19', '2023-02-01 12:15:19'),
(78, 45, 28, 250.00, '250.00', '280.00', '62500.00', '0.00', 'd', NULL, 1, 1, '2023-02-24 22:15:01', '2023-02-09 00:34:57', '2023-02-24 22:15:01'),
(71, 46, 29, 10.00, '400.00', '500.00', '4000.00', '0.00', 'a', 1, NULL, 1, NULL, '2023-02-04 12:08:54', '2023-02-04 12:08:54'),
(72, 47, 30, 2.00, '130.00', '135.00', '260.00', '0.00', 'a', 1, NULL, 1, NULL, '2023-02-04 12:44:39', '2023-02-04 12:44:39'),
(73, 48, 30, 1.00, '130.00', '135.00', '130.00', '0.00', 'a', 1, NULL, 1, NULL, '2023-02-05 18:29:15', '2023-02-05 18:29:15'),
(74, 49, 29, 4.00, '400.00', '500.00', '1600.00', '0.00', 'a', 1, NULL, 1, NULL, '2023-02-07 13:40:24', '2023-02-07 13:40:24'),
(75, 49, 26, 20.00, '50.00', '70.00', '1000.00', '0.00', 'a', 1, NULL, 1, NULL, '2023-02-07 13:40:24', '2023-02-07 13:40:24'),
(76, 50, 30, 1.00, '130.00', '135.00', '130.00', '0.00', 'a', 1, NULL, 1, NULL, '2023-02-07 14:05:03', '2023-02-07 14:05:03'),
(77, 51, 30, 100.00, '130.00', '135.00', '13000.00', '0.00', 'a', 1, NULL, 1, NULL, '2023-02-07 16:36:55', '2023-02-07 16:36:55'),
(79, 52, 32, 125.00, '65.00', '120.00', '8125.00', '0.00', 'a', 1, NULL, 1, NULL, '2023-02-09 16:47:09', '2023-02-09 16:47:09'),
(80, 53, 31, 34.00, '700.00', '1490.00', '23800.00', '0.00', 'a', 1, NULL, 1, NULL, '2023-02-10 19:48:14', '2023-02-10 19:48:14'),
(81, 53, 33, 23.00, '38.00', '75.00', '874.00', '0.00', 'a', 1, NULL, 1, NULL, '2023-02-10 19:48:14', '2023-02-10 19:48:14'),
(82, 54, 35, 3.00, '60.00', '70.00', '180.00', '0.00', 'a', 1, NULL, 1, NULL, '2023-02-15 19:26:08', '2023-02-15 19:26:08'),
(83, 55, 31, 20.00, '700.00', '1490.00', '14000.00', '0.00', 'a', 1, NULL, 1, NULL, '2023-02-15 21:22:49', '2023-02-15 21:22:49'),
(84, 55, 35, 1.00, '60.00', '70.00', '60.00', '0.00', 'a', 1, NULL, 1, NULL, '2023-02-15 21:22:49', '2023-02-15 21:22:49'),
(85, 56, 11, 500.00, '350.00', '450.00', '175000.00', '0.00', 'a', 1, NULL, 1, NULL, '2023-02-18 16:35:09', '2023-02-18 16:35:09'),
(86, 56, 36, 1000.00, '170.00', '350.00', '170000.00', '0.00', 'a', 1, NULL, 1, NULL, '2023-02-18 16:35:09', '2023-02-18 16:35:09'),
(87, 57, 37, 20.00, '205.00', '205.00', '4100.00', '0.00', 'a', 1, NULL, 1, NULL, '2023-02-19 09:59:45', '2023-02-19 09:59:45'),
(88, 58, 37, 50.00, '205.00', '205.00', '10250.00', '0.00', 'a', 1, NULL, 1, NULL, '2023-02-19 13:00:52', '2023-02-19 13:00:52'),
(89, 59, 37, 10.00, '205.00', '225.00', '2050.00', '0.00', 'd', 1, NULL, 1, '2023-02-24 22:14:45', '2023-02-22 12:37:31', '2023-02-24 22:14:45'),
(91, 60, 40, 10000.00, '35.75', '38.75', '357500.00', '0.00', 'a', NULL, 1, 1, NULL, '2023-02-26 14:05:19', '2023-02-26 14:05:19'),
(93, 61, 39, 10.00, '100000.00', '120000.00', '1000000.00', '0.00', 'a', NULL, 1, 1, NULL, '2023-02-28 14:54:21', '2023-02-28 14:54:21'),
(94, 62, 1, 500.00, '450.00', '650.00', '225000.00', '0.00', 'a', 1, NULL, 1, NULL, '2023-03-02 11:56:57', '2023-03-02 11:56:57'),
(95, 63, 31, 4.00, '700.00', '1490.00', '2800.00', '0.00', 'a', 1, NULL, 1, NULL, '2023-03-10 23:13:36', '2023-03-10 23:13:36'),
(96, 64, 36, 2.00, '170.00', '350.00', '340.00', '0.00', 'a', 1, NULL, 1, NULL, '2023-03-21 15:40:55', '2023-03-21 15:40:55'),
(97, 65, 30, 5.00, '130.00', '135.00', '650.00', '0.00', 'a', 1, NULL, 1, NULL, '2023-03-27 07:42:26', '2023-03-27 07:42:26'),
(98, 65, 3, 2.00, '465.00', '650.00', '930.00', '0.00', 'a', 1, NULL, 1, NULL, '2023-03-27 07:42:26', '2023-03-27 07:42:26'),
(99, 65, 40, 4.00, '35.75', '38.75', '143.00', '0.00', 'a', 1, NULL, 1, NULL, '2023-03-27 07:42:26', '2023-03-27 07:42:26'),
(100, 66, 36, 1.00, '170.00', '350.00', '170.00', '0.00', 'a', 1, NULL, 1, NULL, '2023-03-27 14:05:57', '2023-03-27 14:05:57'),
(101, 66, 37, 1.00, '205.00', '225.00', '205.00', '0.00', 'a', 1, NULL, 1, NULL, '2023-03-27 14:05:57', '2023-03-27 14:05:57'),
(102, 66, 38, 1.00, '28500.00', '32990.00', '28500.00', '0.00', 'a', 1, NULL, 1, NULL, '2023-03-27 14:05:57', '2023-03-27 14:05:57'),
(103, 67, 35, 50.00, '60.00', '70.00', '3000.00', '0.00', 'a', 1, NULL, 1, NULL, '2023-03-31 18:51:03', '2023-03-31 18:51:03'),
(104, 67, 40, 500.00, '35.75', '38.75', '17875.00', '0.00', 'a', 1, NULL, 1, NULL, '2023-03-31 18:51:03', '2023-03-31 18:51:03'),
(105, 68, 3, 500.00, '465.00', '650.00', '232500.00', '0.00', 'a', 1, NULL, 1, NULL, '2023-04-02 11:10:09', '2023-04-02 11:10:09'),
(106, 68, 2, 100.00, '471.00', '650.00', '47100.00', '0.00', 'a', 1, NULL, 1, NULL, '2023-04-02 11:10:09', '2023-04-02 11:10:09'),
(107, 68, 1, 1000.00, '450.00', '650.00', '450000.00', '0.00', 'a', 1, NULL, 1, NULL, '2023-04-02 11:10:09', '2023-04-02 11:10:09'),
(108, 69, 12, 15.00, '25000.00', '40000.00', '375000.00', '0.00', 'a', 1, NULL, 1, NULL, '2023-04-02 11:41:54', '2023-04-02 11:41:54'),
(109, 70, 41, 100.00, '110.00', '115.00', '11000.00', '0.00', 'a', 1, NULL, 1, NULL, '2023-04-04 12:06:12', '2023-04-04 12:06:12'),
(110, 71, 45, 200.00, '430.00', '790.00', '86000.00', '0.00', 'a', 1, NULL, 1, NULL, '2023-04-09 11:46:40', '2023-04-09 11:46:40'),
(111, 72, 40, 12.00, '35.75', '38.75', '429.00', '0.00', 'a', 1, NULL, 1, NULL, '2023-04-15 21:34:51', '2023-04-15 21:34:51'),
(112, 72, 42, 25.00, '747856.00', '543456374245.00', '18696400.00', '0.00', 'a', 1, NULL, 1, NULL, '2023-04-15 21:34:51', '2023-04-15 21:34:51'),
(113, 73, 40, 555.00, '35.75', '38.75', '19841.25', '0.00', 'a', 1, NULL, 1, NULL, '2023-04-30 22:10:29', '2023-04-30 22:10:29'),
(114, 74, 48, 50.00, '3500.00', '5500.00', '175000.00', '0.00', 'a', 1, NULL, 1, NULL, '2023-05-02 16:27:04', '2023-05-02 16:27:04'),
(115, 75, 24, 1.00, '70.00', '95.00', '70.00', '0.00', 'd', 1, NULL, 1, '2023-05-16 16:10:37', '2023-05-12 10:07:07', '2023-05-16 16:10:37'),
(116, 76, 39, 8.00, '100000.00', '120000.00', '800000.00', '0.00', 'd', 1, NULL, 1, '2023-05-16 16:10:33', '2023-05-12 22:36:51', '2023-05-16 16:10:33'),
(118, 77, 6, 1.00, '6150.00', '7000.00', '6150.00', '0.00', 'd', NULL, 1, 1, '2023-05-16 16:10:29', '2023-05-13 22:39:17', '2023-05-16 16:10:29'),
(119, 78, 42, 40.00, '80.00', '543456374245.00', '3200.00', '0.00', 'd', 1, NULL, 1, '2023-05-14 17:32:46', '2023-05-14 09:22:31', '2023-05-14 17:32:46'),
(120, 79, 30, 34.00, '130.00', '135.00', '4420.00', '0.00', 'd', 1, NULL, 1, '2023-05-16 16:10:25', '2023-05-15 10:40:24', '2023-05-16 16:10:25'),
(121, 79, 33, 23.00, '38.00', '75.00', '874.00', '0.00', 'd', 1, NULL, 1, '2023-05-16 16:10:25', '2023-05-15 10:40:24', '2023-05-16 16:10:25'),
(122, 79, 36, 100.00, '170.00', '350.00', '17000.00', '0.00', 'd', 1, NULL, 1, '2023-05-16 16:10:25', '2023-05-15 10:40:24', '2023-05-16 16:10:25'),
(123, 80, 1, 100.00, '50.00', '650.00', '5000.00', '0.00', 'd', 1, NULL, 1, '2023-05-16 16:10:13', '2023-05-16 16:06:03', '2023-05-16 16:10:13'),
(124, 81, 48, 100.00, '3500.00', '5500.00', '350000.00', '0.00', 'd', 1, NULL, 1, '2023-05-16 16:18:47', '2023-05-16 16:12:33', '2023-05-16 16:18:47'),
(125, 81, 45, 500.00, '430.00', '790.00', '215000.00', '0.00', 'd', 1, NULL, 1, '2023-05-16 16:18:47', '2023-05-16 16:12:33', '2023-05-16 16:18:47'),
(126, 81, 37, 100.00, '205.00', '225.00', '20500.00', '0.00', 'd', 1, NULL, 1, '2023-05-16 16:18:47', '2023-05-16 16:12:33', '2023-05-16 16:18:47'),
(127, 82, 39, 100.00, '100000.00', '120000.00', '10000000.00', '0.00', 'd', 1, NULL, 1, '2023-05-23 17:32:03', '2023-05-17 17:53:02', '2023-05-23 17:32:03'),
(128, 83, 38, 30.00, '28500.00', '32990.00', '855000.00', '0.00', 'a', 1, NULL, 1, NULL, '2023-05-18 00:07:33', '2023-05-18 00:07:33'),
(129, 83, 42, 500.00, '747856.00', '543456374245.00', '373928000.00', '0.00', 'a', 1, NULL, 1, NULL, '2023-05-18 00:07:33', '2023-05-18 00:07:33'),
(130, 84, 55, 1000.00, '305.00', '32.00', '305000.00', '0.00', 'a', 1, NULL, 1, NULL, '2023-05-18 10:38:38', '2023-05-18 10:38:38'),
(131, 85, 55, 1500.00, '30.00', '32.00', '45000.00', '0.00', 'a', 1, NULL, 1, NULL, '2023-05-18 16:14:21', '2023-05-18 16:14:21'),
(132, 86, 55, 500.00, '30.50', '32.00', '15250.00', '0.00', 'a', 1, NULL, 1, NULL, '2023-05-18 16:15:36', '2023-05-18 16:15:36'),
(133, 87, 55, 500.00, '31.00', '32.00', '15500.00', '0.00', 'd', 1, NULL, 1, '2023-05-23 17:32:46', '2023-05-18 16:23:24', '2023-05-23 17:32:46'),
(134, 88, 42, 10.00, '747856.00', '543456374245.00', '7478560.00', '0.00', 'd', 1, NULL, 1, '2023-05-23 17:32:38', '2023-05-18 19:43:49', '2023-05-23 17:32:38'),
(135, 89, 56, 10000.00, '1.00', '1.00', '10000.00', '0.00', 'd', 1, NULL, 1, '2023-05-23 17:32:51', '2023-05-19 09:30:01', '2023-05-23 17:32:51'),
(136, 90, 56, 100000.00, '1.00', '1.00', '100000.00', '0.00', 'd', 1, NULL, 1, '2023-05-23 17:32:57', '2023-05-19 09:30:57', '2023-05-23 17:32:57'),
(137, 91, 61, 200.00, '1000.00', '1600.00', '200000.00', '0.00', 'd', 1, NULL, 1, '2023-05-23 17:31:52', '2023-05-20 15:11:22', '2023-05-23 17:31:52'),
(138, 92, 62, 280.00, '350.00', '450.00', '98000.00', '0.00', 'd', 1, NULL, 1, '2023-05-23 17:31:45', '2023-05-20 15:51:32', '2023-05-23 17:31:45'),
(139, 92, 63, 200.00, '270.00', '350.00', '54000.00', '0.00', 'd', 1, NULL, 1, '2023-05-23 17:31:45', '2023-05-20 15:51:32', '2023-05-23 17:31:45'),
(140, 92, 64, 100.00, '180.00', '250.00', '18000.00', '0.00', 'd', 1, NULL, 1, '2023-05-23 17:31:45', '2023-05-20 15:51:32', '2023-05-23 17:31:45'),
(141, 93, 65, 100000.00, '12.00', '15.00', '1200000.00', '0.00', 'd', 1, NULL, 1, '2023-05-23 17:33:00', '2023-05-20 17:01:07', '2023-05-23 17:33:00'),
(142, 94, 57, 10000.00, '120.00', '140.00', '1200000.00', '0.00', 'd', 1, NULL, 1, '2023-05-23 17:31:58', '2023-05-22 14:27:48', '2023-05-23 17:31:58'),
(143, 95, 64, 7.00, '180.00', '250.00', '1260.00', '0.00', 'd', 1, NULL, 1, '2023-05-23 17:33:04', '2023-05-22 18:28:49', '2023-05-23 17:33:04'),
(144, 96, 67, 2000.00, '9500.00', '12000.00', '19000000.00', '0.00', 'a', 1, NULL, 1, NULL, '2023-05-23 11:33:58', '2023-05-23 11:33:58'),
(145, 97, 61, 3200.00, '1000.00', '1600.00', '3200000.00', '0.00', 'a', 1, NULL, 1, NULL, '2023-05-24 13:28:06', '2023-05-24 13:28:06'),
(146, 98, 67, 1500.00, '9500.00', '12000.00', '14250000.00', '0.00', 'a', 1, NULL, 1, NULL, '2023-05-24 13:31:21', '2023-05-24 13:31:21'),
(147, 99, 68, 300.00, '300.00', '400.00', '90000.00', '0.00', 'a', 1, NULL, 1, NULL, '2023-05-27 12:29:51', '2023-05-27 12:29:51'),
(148, 100, 69, 3000.00, '40.00', '50.00', '120000.00', '0.00', 'a', 1, NULL, 1, NULL, '2023-05-27 12:33:58', '2023-05-27 12:33:58'),
(149, 101, 71, 100.00, '910.00', '1200.00', '91000.00', '0.00', 'a', 1, NULL, 1, NULL, '2023-05-30 16:38:16', '2023-05-30 16:38:16'),
(150, 102, 70, 50.00, '700.00', '900.00', '35000.00', '0.00', 'a', 1, NULL, 1, NULL, '2023-05-30 16:40:21', '2023-05-30 16:40:21'),
(151, 103, 70, 50.00, '700.00', '900.00', '35000.00', '0.00', 'a', 1, NULL, 1, NULL, '2023-05-30 16:41:27', '2023-05-30 16:41:27'),
(152, 104, 69, 100.00, '40.00', '50.00', '4000.00', '0.00', 'a', 1, NULL, 1, NULL, '2023-06-04 10:50:58', '2023-06-04 10:50:58');

-- --------------------------------------------------------

--
-- Table structure for table `sales`
--

CREATE TABLE `sales` (
  `id` bigint UNSIGNED NOT NULL,
  `invoice` varchar(40) CHARACTER SET utf8mb4 COLLATE utf8mb4_unicode_ci NOT NULL,
  `date` date NOT NULL,
  `total` decimal(18,2) NOT NULL DEFAULT '0.00',
  `sub_total` decimal(18,2) NOT NULL DEFAULT '0.00',
  `discount` decimal(18,2) NOT NULL DEFAULT '0.00',
  `transport` decimal(18,2) NOT NULL DEFAULT '0.00',
  `vat` decimal(18,2) NOT NULL DEFAULT '0.00',
  `paid` decimal(18,2) NOT NULL DEFAULT '0.00',
  `due` decimal(18,2) NOT NULL DEFAULT '0.00',
  `previous_due` decimal(18,2) NOT NULL DEFAULT '0.00',
  `status` varchar(1) CHARACTER SET utf8mb4 COLLATE utf8mb4_unicode_ci NOT NULL DEFAULT 'a' COMMENT 'a => active, d => deactive',
  `created_at` timestamp NULL DEFAULT NULL,
  `updated_at` timestamp NULL DEFAULT NULL
) ENGINE=MyISAM DEFAULT CHARSET=utf8mb4 COLLATE=utf8mb4_unicode_ci;

--
-- Dumping data for table `sales`
--

INSERT INTO `sales` (`id`, `invoice`, `date`, `total`, `sub_total`, `discount`, `transport`, `vat`, `paid`, `due`, `previous_due`, `status`, `created_at`, `updated_at`) VALUES
(1, '2022000001', '2022-11-13', '376330.00', '383500.00', '7670.00', '500.00', '0.00', '100000.00', '276330.00', '0.00', 'a', '2022-11-13 11:34:56', '2022-11-13 11:35:53'),
(2, '2022000002', '2022-11-13', '160270.00', '161500.00', '3230.00', '2000.00', '0.00', '75000.00', '85270.00', '0.00', 'a', '2022-11-13 11:38:47', '2022-11-13 11:38:47'),
(3, '2022000003', '2022-11-13', '40500.00', '45000.00', '4500.00', '0.00', '0.00', '10000.00', '30500.00', '0.00', 'a', '2022-11-13 12:41:34', '2022-11-13 12:41:34'),
(4, '2022000004', '2022-11-13', '161000.00', '160000.00', '0.00', '1000.00', '0.00', '0.00', '161000.00', '0.00', 'a', '2022-11-13 12:44:15', '2022-11-13 12:44:15'),
(5, '2022000005', '2022-11-14', '220500.00', '225000.00', '4500.00', '0.00', '0.00', '100000.00', '120500.00', '0.00', 'a', '2022-11-14 13:26:34', '2022-11-14 13:26:34'),
(6, '2022000006', '2022-11-20', '256840.00', '266500.00', '10660.00', '1000.00', '0.00', '100000.00', '156840.00', '0.00', 'a', '2022-11-20 11:48:22', '2022-11-20 11:48:22'),
(7, '2022000007', '2022-11-27', '498940.00', '525200.00', '26260.00', '0.00', '0.00', '100000.00', '398940.00', '0.00', 'a', '2022-11-27 10:22:17', '2022-11-27 10:22:17'),
(8, '2022000008', '2022-11-29', '55150.00', '57000.00', '2850.00', '1000.00', '0.00', '50000.00', '5150.00', '0.00', 'a', '2022-11-29 12:03:21', '2022-11-29 12:03:21'),
(9, '2022000009', '2022-11-29', '323500.00', '323000.00', '0.00', '500.00', '0.00', '200000.00', '123500.00', '0.00', 'a', '2022-11-29 12:39:53', '2022-11-29 12:39:53'),
(10, '2022000010', '2022-11-29', '433700.00', '456000.00', '22800.00', '500.00', '0.00', '250000.00', '183700.00', '0.00', 'a', '2022-11-29 16:54:27', '2022-11-29 16:54:27'),
(11, '2022000011', '2022-12-01', '361500.00', '380000.00', '19000.00', '500.00', '0.00', '100000.00', '261500.00', '0.00', 'a', '2022-12-01 17:46:25', '2022-12-01 17:46:25'),
(12, '2022000012', '2022-12-03', '38500.00', '38000.00', '0.00', '500.00', '0.00', '38000.00', '500.00', '0.00', 'a', '2022-12-03 23:17:27', '2022-12-03 23:17:27'),
(13, '2022000013', '2022-12-04', '55650.00', '57000.00', '2850.00', '1500.00', '0.00', '50000.00', '5650.00', '0.00', 'a', '2022-12-04 10:43:24', '2022-12-04 10:43:24'),
(14, '2022000014', '2022-12-04', '7600.00', '7600.00', '0.00', '0.00', '0.00', '0.00', '7600.00', '0.00', 'a', '2022-12-04 12:02:15', '2022-12-04 12:02:15'),
(15, '2022000015', '2022-12-04', '95650.00', '95650.00', '0.00', '0.00', '0.00', '0.00', '95650.00', '0.00', 'a', '2022-12-04 12:11:02', '2022-12-04 12:11:02'),
(16, '2022000016', '2022-12-04', '14400.00', '14400.00', '0.00', '0.00', '0.00', '0.00', '14400.00', '0.00', 'a', '2022-12-04 12:12:50', '2022-12-04 12:12:50'),
(17, '2022000017', '2022-12-04', '760.00', '760.00', '0.00', '0.00', '0.00', '0.00', '760.00', '0.00', 'a', '2022-12-04 12:13:52', '2022-12-04 12:13:52'),
(18, '2022000018', '2022-12-04', '38000.00', '38000.00', '0.00', '0.00', '0.00', '0.00', '38000.00', '0.00', 'a', '2022-12-04 12:17:55', '2022-12-04 12:17:55'),
(19, '2022000019', '2022-12-04', '760.00', '760.00', '0.00', '0.00', '0.00', '0.00', '760.00', '0.00', 'a', '2022-12-04 12:21:15', '2022-12-04 12:21:15'),
(20, '2022000020', '2022-12-04', '14400.00', '14400.00', '0.00', '0.00', '0.00', '0.00', '14400.00', '0.00', 'a', '2022-12-04 12:21:41', '2022-12-04 12:21:41'),
(21, '2022000021', '2022-12-04', '14400.00', '14400.00', '0.00', '0.00', '0.00', '0.00', '14400.00', '0.00', 'a', '2022-12-04 12:23:47', '2022-12-04 12:23:47'),
(22, '2022000022', '2022-12-04', '45600.00', '45600.00', '0.00', '0.00', '0.00', '0.00', '45600.00', '0.00', 'a', '2022-12-04 19:41:50', '2022-12-04 19:41:50'),
(23, '2022000023', '2022-12-07', '377800.00', '385000.00', '7700.00', '500.00', '0.00', '200000.00', '177800.00', '0.00', 'a', '2022-12-07 11:21:44', '2022-12-07 11:21:44'),
(24, '2022000024', '2022-12-08', '77000.00', '77000.00', '0.00', '0.00', '0.00', '0.00', '77000.00', '0.00', 'a', '2022-12-08 12:13:24', '2022-12-08 12:13:24'),
(25, '2022000025', '2022-12-08', '78000.00', '76000.00', '0.00', '2000.00', '0.00', '50000.00', '28000.00', '0.00', 'a', '2022-12-08 12:35:12', '2022-12-08 12:35:12'),
(26, '2023000001', '2023-01-01', '109750.00', '115000.00', '5750.00', '500.00', '0.00', '50000.00', '59750.00', '0.00', 'a', '2023-01-01 18:10:57', '2023-01-01 18:10:57'),
(27, '2023000002', '2023-01-03', '31750.00', '31750.00', '0.00', '0.00', '0.00', '0.00', '31750.00', '0.00', 'a', '2023-01-03 17:07:07', '2023-01-03 17:07:07'),
(28, '2023000003', '2023-01-08', '361000.00', '380000.00', '19000.00', '0.00', '0.00', '0.00', '361000.00', '0.00', 'a', '2023-01-08 11:00:41', '2023-01-08 11:00:41'),
(29, '2023000004', '2023-01-08', '137512.00', '142200.00', '5688.00', '1000.00', '0.00', '130000.00', '7512.00', '0.00', 'a', '2023-01-08 11:01:50', '2023-01-08 11:01:50'),
(30, '2023000005', '2023-01-08', '171100.00', '190000.00', '19000.00', '100.00', '0.00', '100000.00', '71100.00', '0.00', 'a', '2023-01-08 12:57:20', '2023-01-08 12:57:20'),
(31, '2023000006', '2023-01-08', '72700.00', '76000.00', '3800.00', '500.00', '0.00', '50000.00', '22700.00', '0.00', 'a', '2023-01-08 19:06:42', '2023-01-08 19:06:42'),
(32, '2023000007', '2023-01-08', '26000.00', '26000.00', '0.00', '0.00', '0.00', '0.00', '26000.00', '0.00', 'a', '2023-01-09 00:00:10', '2023-01-09 00:00:10'),
(33, '2023000008', '2023-01-09', '77282.50', '81350.00', '4067.50', '0.00', '0.00', '77282.50', '0.00', '0.00', 'a', '2023-01-09 16:10:29', '2023-01-09 16:10:29'),
(34, '2023000009', '2023-01-09', '8000.00', '8000.00', '0.00', '0.00', '0.00', '0.00', '8000.00', '0.00', 'a', '2023-01-09 17:09:51', '2023-01-09 17:09:51'),
(35, '2023000010', '2023-01-09', '7000.00', '7300.00', '300.00', '0.00', '0.00', '7000.00', '0.00', '0.00', 'a', '2023-01-09 17:12:12', '2023-01-09 17:12:12'),
(36, '2023000011', '2023-01-09', '9500.00', '9950.00', '450.00', '0.00', '0.00', '9500.00', '0.00', '0.00', 'a', '2023-01-09 17:35:45', '2023-01-09 17:35:45'),
(37, '2023000012', '2023-01-09', '2050.00', '2050.00', '0.00', '0.00', '0.00', '2050.00', '0.00', '0.00', 'a', '2023-01-09 17:39:34', '2023-01-09 17:39:34'),
(38, '2023000013', '2023-01-09', '120000.00', '121000.00', '1000.00', '0.00', '0.00', '120000.00', '0.00', '0.00', 'a', '2023-01-09 17:45:09', '2023-01-09 17:45:09'),
(39, '2023000014', '2023-01-09', '211000.00', '211000.00', '0.00', '0.00', '0.00', '0.00', '211000.00', '0.00', 'a', '2023-01-09 21:42:53', '2023-01-09 21:42:53'),
(40, '2023000015', '2023-01-10', '5.00', '5.00', '0.00', '0.00', '0.00', '0.00', '5.00', '0.00', 'a', '2023-01-10 12:40:16', '2023-01-10 12:40:16'),
(41, '2023000016', '2023-01-10', '900.00', '900.00', '0.00', '0.00', '0.00', '0.00', '900.00', '0.00', 'a', '2023-01-10 15:33:15', '2023-01-10 15:33:15'),
(42, '2023000017', '2023-01-11', '192680.00', '192680.00', '0.00', '0.00', '0.00', '0.00', '192680.00', '0.00', 'a', '2023-01-11 11:40:36', '2023-01-11 11:40:36'),
(43, '2023000018', '2023-01-13', '74500.00', '76000.00', '2000.00', '500.00', '0.00', '50000.00', '24500.00', '0.00', 'a', '2023-01-13 22:26:52', '2023-01-13 22:26:52'),
(44, '2023000019', '2023-01-14', '10900.00', '10900.00', '0.00', '0.00', '0.00', '10900.00', '0.00', '0.00', 'a', '2023-01-14 11:32:04', '2023-01-14 11:32:04'),
(45, '2023000020', '2023-01-14', '1100.00', '1100.00', '0.00', '0.00', '0.00', '500.00', '600.00', '0.00', 'a', '2023-01-14 11:33:17', '2023-01-14 11:33:17'),
(46, '2023000021', '2023-01-14', '1460000.00', '1460000.00', '0.00', '0.00', '0.00', '0.00', '1460000.00', '0.00', 'a', '2023-01-14 11:42:16', '2023-01-14 11:42:16'),
(47, '2023000022', '2023-01-14', '156800.00', '160000.00', '3200.00', '0.00', '0.00', '100000.00', '56800.00', '0.00', 'a', '2023-01-14 23:38:32', '2023-01-14 23:38:32'),
(48, '2023000023', '2023-01-14', '1100.00', '1100.00', '0.00', '0.00', '0.00', '500.00', '600.00', '0.00', 'a', '2023-01-14 23:52:45', '2023-01-14 23:52:45'),
(49, '2023000024', '2023-01-14', '20491.80', '20910.00', '418.20', '0.00', '0.00', '10000.00', '10491.80', '0.00', 'a', '2023-01-15 02:47:22', '2023-01-15 02:47:22'),
(50, '2023000025', '2023-01-14', '56752.00', '57400.00', '1148.00', '500.00', '0.00', '20000.00', '36752.00', '0.00', 'a', '2023-01-15 03:39:38', '2023-01-15 03:39:38'),
(51, '2023000026', '2023-01-16', '150.00', '150.00', '0.00', '0.00', '0.00', '0.00', '150.00', '0.00', 'a', '2023-01-16 10:19:39', '2023-01-16 10:19:39'),
(52, '2023000027', '2023-01-16', '157.00', '150.00', '0.00', '7.00', '0.00', '150.00', '7.00', '0.00', 'a', '2023-01-16 11:37:02', '2023-01-16 12:14:16'),
(53, '2023000028', '2023-01-16', '16990.00', '16650.00', '499.50', '7.00', '832.50', '0.00', '16990.00', '0.00', 'a', '2023-01-16 12:29:46', '2023-01-16 12:29:46'),
(54, '2023000029', '2023-01-16', '70.00', '70.00', '0.00', '0.00', '0.00', '0.00', '70.00', '0.00', 'a', '2023-01-16 20:27:39', '2023-01-16 20:27:39'),
(55, '2023000030', '2023-01-16', '870.00', '870.00', '0.00', '0.00', '0.00', '870.00', '0.00', '0.00', 'a', '2023-01-16 20:37:15', '2023-01-16 20:37:15'),
(56, '2023000031', '2023-01-17', '27500.00', '27500.00', '0.00', '0.00', '0.00', '20000.00', '7500.00', '0.00', 'a', '2023-01-17 17:43:43', '2023-01-17 17:43:43'),
(57, '2023000032', '2023-01-19', '62700.00', '62700.00', '0.00', '0.00', '0.00', '20000.00', '42700.00', '0.00', 'a', '2023-01-19 11:50:59', '2023-01-19 11:50:59'),
(58, '2023000033', '2023-01-19', '6650.00', '6650.00', '0.00', '0.00', '0.00', '4000.00', '2650.00', '0.00', 'a', '2023-01-19 17:27:05', '2023-01-19 17:27:05'),
(59, '2023000034', '2023-01-21', '462000.00', '460000.00', '0.00', '2000.00', '0.00', '0.00', '462000.00', '0.00', 'a', '2023-01-21 18:45:43', '2023-01-21 18:45:43'),
(60, '2023000035', '2023-01-21', '700.00', '700.00', '0.00', '0.00', '0.00', '0.00', '700.00', '0.00', 'a', '2023-01-21 22:39:35', '2023-01-21 22:39:35'),
(61, '2023000036', '2023-01-21', '190.00', '190.00', '0.00', '0.00', '0.00', '0.00', '190.00', '0.00', 'a', '2023-01-22 00:47:17', '2023-01-22 00:47:17'),
(62, '2023000037', '2023-01-22', '75.00', '75.00', '0.00', '0.00', '0.00', '0.00', '75.00', '0.00', 'a', '2023-01-22 10:01:40', '2023-01-22 10:01:40'),
(63, '2023000038', '2023-01-23', '190000.00', '190000.00', '0.00', '0.00', '0.00', '150000.00', '40000.00', '0.00', 'a', '2023-01-23 22:10:53', '2023-01-23 22:10:53'),
(64, '2023000039', '2023-01-24', '85.00', '85.00', '0.00', '0.00', '0.00', '50.00', '35.00', '0.00', 'a', '2023-01-24 16:23:16', '2023-01-24 16:23:16'),
(65, '2023000040', '2023-01-24', '1020.00', '1020.00', '0.00', '0.00', '0.00', '600.00', '420.00', '0.00', 'a', '2023-01-24 16:25:13', '2023-01-24 16:25:13'),
(66, '2023000041', '2023-01-24', '4821635.00', '4821635.00', '0.00', '0.00', '0.00', '4821635.00', '0.00', '0.00', 'a', '2023-01-24 16:39:34', '2023-01-24 16:39:34'),
(67, '2023000042', '2023-01-24', '2240.00', '1740.00', '0.00', '500.00', '0.00', '200.00', '2040.00', '0.00', 'a', '2023-01-24 17:40:17', '2023-01-24 17:40:17'),
(68, '2023000043', '2023-01-24', '750.00', '750.00', '0.00', '0.00', '0.00', '750.00', '0.00', '0.00', 'a', '2023-01-24 17:42:49', '2023-01-24 17:42:49'),
(69, '2023000044', '2023-01-24', '18919050.00', '18919050.00', '0.00', '0.00', '0.00', '18919050.00', '0.00', '0.00', 'a', '2023-01-24 19:48:47', '2023-01-24 19:48:47'),
(70, '2023000045', '2023-01-24', '433920.00', '433920.00', '0.00', '0.00', '0.00', '433920.00', '0.00', '0.00', 'a', '2023-01-24 19:58:13', '2023-01-24 19:58:13'),
(71, '2023000046', '2023-01-24', '166000.00', '166000.00', '0.00', '0.00', '0.00', '0.00', '166000.00', '0.00', 'd', '2023-01-24 20:45:31', '2023-02-13 13:06:00'),
(72, '2023000047', '2023-01-25', '4000.00', '4000.00', '0.00', '0.00', '0.00', '0.00', '4000.00', '0.00', 'a', '2023-01-25 12:00:09', '2023-01-25 12:00:09'),
(73, '2023000048', '2023-01-25', '8700.00', '8700.00', '0.00', '0.00', '0.00', '0.00', '8700.00', '0.00', 'a', '2023-01-25 19:42:48', '2023-01-25 19:42:48'),
(74, '2023000049', '2023-01-26', '300.00', '300.00', '0.00', '0.00', '0.00', '0.00', '300.00', '0.00', 'a', '2023-01-26 08:06:32', '2023-01-26 08:06:32'),
(75, '2023000050', '2023-01-26', '300.00', '300.00', '0.00', '0.00', '0.00', '300.00', '0.00', '0.00', 'a', '2023-01-26 22:08:20', '2023-01-26 22:08:20'),
(76, '2023000051', '2023-01-27', '60.00', '60.00', '0.00', '0.00', '0.00', '0.00', '60.00', '0.00', 'a', '2023-01-27 16:26:51', '2023-01-27 16:26:51'),
(77, '2023000052', '2023-01-29', '72200.00', '76000.00', '3800.00', '0.00', '0.00', '20000.00', '52200.00', '0.00', 'a', '2023-01-29 10:57:48', '2023-01-29 10:57:48'),
(78, '2023000053', '2023-01-30', '4620.00', '4620.00', '0.00', '0.00', '0.00', '0.00', '4620.00', '0.00', 'a', '2023-01-30 10:38:12', '2023-01-30 10:38:12'),
(79, '2023000054', '2023-01-30', '840.00', '840.00', '0.00', '0.00', '0.00', '840.00', '0.00', '0.00', 'a', '2023-01-30 11:48:13', '2023-01-30 11:48:13'),
(80, '2023000055', '2023-01-30', '70.00', '70.00', '0.00', '0.00', '0.00', '0.00', '70.00', '0.00', 'a', '2023-01-30 13:19:12', '2023-01-30 13:19:12'),
(81, '2023000056', '2023-01-30', '3005.00', '3005.00', '0.00', '0.00', '0.00', '2005.00', '1000.00', '0.00', 'a', '2023-01-30 19:38:47', '2023-01-30 19:38:47'),
(82, '2023000057', '2023-01-30', '145.00', '15.00', '0.00', '130.00', '0.00', '100.00', '45.00', '0.00', 'a', '2023-01-30 20:24:42', '2023-01-30 20:24:42'),
(83, '2023000058', '2023-01-30', '2100.00', '2100.00', '0.00', '0.00', '0.00', '0.00', '2100.00', '0.00', 'a', '2023-01-30 20:39:36', '2023-01-30 20:39:36'),
(84, '2023000059', '2023-01-31', '218.50', '190.00', '0.00', '0.00', '28.50', '218.50', '0.00', '0.00', 'a', '2023-01-31 09:58:15', '2023-01-31 10:01:26'),
(85, '2023000060', '2023-01-31', '140.00', '140.00', '0.00', '0.00', '0.00', '0.00', '140.00', '0.00', 'a', '2023-01-31 10:04:18', '2023-01-31 10:04:18'),
(86, '2023000061', '2023-01-31', '900.00', '900.00', '0.00', '0.00', '0.00', '0.00', '900.00', '0.00', 'a', '2023-01-31 13:54:21', '2023-01-31 13:54:21'),
(87, '2023000062', '2023-02-01', '300.00', '300.00', '0.00', '0.00', '0.00', '0.00', '300.00', '0.00', 'a', '2023-02-01 07:34:27', '2023-02-01 07:34:27'),
(88, '2023000063', '2023-02-01', '9600.00', '9600.00', '0.00', '0.00', '0.00', '9600.00', '0.00', '0.00', 'a', '2023-02-01 07:36:52', '2023-02-01 07:36:52'),
(89, '2023000064', '2023-02-01', '2680.00', '2680.00', '0.00', '0.00', '0.00', '2680.00', '0.00', '0.00', 'a', '2023-02-01 12:12:46', '2023-02-01 12:12:46'),
(90, '2023000065', '2023-02-01', '207000.00', '207000.00', '0.00', '0.00', '0.00', '200000.00', '7000.00', '0.00', 'a', '2023-02-01 21:17:10', '2023-02-01 21:17:10'),
(91, '2023000066', '2023-02-01', '70.00', '70.00', '0.00', '0.00', '0.00', '100.00', '-30.00', '0.00', 'a', '2023-02-01 22:31:27', '2023-02-01 22:31:27'),
(92, '2023000067', '2023-02-01', '1110.00', '1110.00', '0.00', '0.00', '0.00', '0.00', '1110.00', '0.00', 'a', '2023-02-02 01:04:56', '2023-02-02 01:04:56'),
(93, '2023000068', '2023-02-01', '868.00', '868.00', '0.00', '0.00', '0.00', '500.00', '368.00', '0.00', 'a', '2023-02-02 01:06:26', '2023-02-02 01:06:26'),
(94, '2023000069', '2023-02-02', '170.00', '170.00', '0.00', '0.00', '0.00', '150.00', '20.00', '0.00', 'a', '2023-02-02 11:29:54', '2023-02-02 11:29:54'),
(95, '2023000070', '2023-02-03', '560.00', '560.00', '0.00', '0.00', '0.00', '0.00', '560.00', '0.00', 'a', '2023-02-03 18:26:55', '2023-02-03 18:26:55'),
(96, '2023000071', '2023-02-05', '95.00', '95.00', '0.00', '0.00', '0.00', '0.00', '95.00', '0.00', 'a', '2023-02-05 20:30:16', '2023-02-05 20:30:16'),
(97, '2023000072', '2023-02-05', '560.00', '560.00', '0.00', '0.00', '0.00', '0.00', '560.00', '0.00', 'a', '2023-02-05 21:18:45', '2023-02-05 21:18:45'),
(98, '2023000073', '2023-02-06', '4200.00', '4200.00', '0.00', '0.00', '0.00', '4200.00', '0.00', '0.00', 'a', '2023-02-06 12:01:48', '2023-02-06 12:01:48'),
(99, '2023000074', '2023-02-06', '1500.00', '1600.00', '100.00', '0.00', '0.00', '1000.00', '500.00', '0.00', 'a', '2023-02-06 19:36:34', '2023-02-06 19:36:34'),
(100, '2023000075', '2023-02-06', '75.00', '75.00', '0.00', '0.00', '0.00', '50.00', '25.00', '0.00', 'a', '2023-02-06 19:38:33', '2023-02-06 19:38:33'),
(101, '2023000076', '2023-02-06', '2500.00', '2500.00', '0.00', '0.00', '0.00', '2000.00', '500.00', '0.00', 'a', '2023-02-06 20:17:19', '2023-02-06 20:17:19'),
(102, '2023000077', '2023-02-06', '500.00', '500.00', '0.00', '0.00', '0.00', '0.00', '500.00', '0.00', 'a', '2023-02-07 01:04:41', '2023-02-07 01:04:41'),
(103, '2023000078', '2023-02-07', '80000.00', '80000.00', '0.00', '0.00', '0.00', '50000.00', '30000.00', '0.00', 'a', '2023-02-07 09:00:18', '2023-02-07 09:00:18'),
(104, '2023000079', '2023-02-07', '2000.00', '2000.00', '0.00', '0.00', '0.00', '1000.00', '1000.00', '0.00', 'a', '2023-02-07 09:05:16', '2023-02-07 09:05:16'),
(105, '2023000080', '2023-02-07', '4000.00', '200000.00', '196000.00', '0.00', '0.00', '5000.00', '-1000.00', '0.00', 'a', '2023-02-07 13:24:53', '2023-02-07 13:24:53'),
(106, '2023000081', '2023-02-07', '135.00', '135.00', '0.00', '0.00', '0.00', '0.00', '135.00', '0.00', 'a', '2023-02-07 14:04:38', '2023-02-07 14:04:38'),
(107, '2023000082', '2023-02-07', '13.50', '15.00', '1.50', '0.00', '0.00', '0.00', '13.50', '0.00', 'a', '2023-02-07 16:40:50', '2023-02-07 16:40:50'),
(108, '2023000083', '2023-02-08', '700.00', '700.00', '0.00', '0.00', '0.00', '0.00', '700.00', '0.00', 'a', '2023-02-08 08:29:40', '2023-02-08 08:29:40'),
(109, '2023000084', '2023-02-09', '116438.06', '116473.00', '34.94', '0.00', '0.00', '0.00', '116438.06', '0.00', 'a', '2023-02-09 15:31:42', '2023-02-09 15:31:42'),
(110, '2023000085', '2023-02-09', '2500.00', '2500.00', '0.00', '0.00', '0.00', '2500.00', '0.00', '0.00', 'a', '2023-02-09 16:48:08', '2023-02-09 16:48:08'),
(111, '2023000086', '2023-02-09', '5000.00', '5000.00', '0.00', '0.00', '0.00', '4000.00', '1000.00', '0.00', 'a', '2023-02-09 18:36:34', '2023-02-09 18:36:34'),
(112, '2023000087', '2023-02-09', '9340.00', '9340.00', '0.00', '0.00', '0.00', '0.00', '9340.00', '0.00', 'a', '2023-02-09 21:31:45', '2023-02-09 21:31:45'),
(113, '2023000088', '2023-02-09', '186480.00', '186480.00', '0.00', '0.00', '0.00', '0.00', '186480.00', '0.00', 'a', '2023-02-09 21:34:08', '2023-02-09 21:34:08'),
(114, '2023000089', '2023-02-11', '2053.21', '2075.00', '21.79', '0.00', '0.00', '0.00', '2053.21', '0.00', 'a', '2023-02-11 19:36:09', '2023-02-11 19:36:09'),
(115, '2023000090', '2023-02-11', '500.00', '600.00', '100.00', '0.00', '0.00', '1000.00', '-500.00', '0.00', 'a', '2023-02-11 19:37:57', '2023-02-11 19:37:57'),
(116, '2023000091', '2023-02-13', '12000.00', '12000.00', '0.00', '0.00', '0.00', '0.00', '12000.00', '0.00', 'a', '2023-02-13 17:20:50', '2023-02-13 17:20:50'),
(117, '2023000092', '2023-02-13', '7450.00', '7450.00', '0.00', '0.00', '0.00', '0.00', '7450.00', '0.00', 'a', '2023-02-13 18:30:03', '2023-02-13 18:30:03'),
(118, '2023000093', '2023-02-13', '150.00', '150.00', '0.00', '0.00', '0.00', '0.00', '150.00', '0.00', 'a', '2023-02-13 21:01:49', '2023-02-13 21:01:49'),
(119, '2023000094', '2023-02-14', '215.00', '215.00', '0.00', '0.00', '0.00', '0.00', '215.00', '0.00', 'a', '2023-02-14 13:56:41', '2023-02-14 13:56:41'),
(120, '2023000095', '2023-02-14', '178.00', '108.00', '0.00', '70.00', '0.00', '70.00', '108.00', '0.00', 'a', '2023-02-14 13:59:51', '2023-02-14 13:59:51'),
(121, '2023000096', '2023-02-14', '135.00', '135.00', '0.00', '0.00', '0.00', '100.00', '35.00', '0.00', 'a', '2023-02-14 21:33:50', '2023-02-14 21:33:50'),
(122, '2023000097', '2023-02-15', '70.00', '70.00', '0.00', '0.00', '0.00', '0.00', '70.00', '0.00', 'a', '2023-02-15 19:28:27', '2023-02-15 19:28:27'),
(123, '2023000098', '2023-02-15', '70.00', '70.00', '0.00', '0.00', '0.00', '70.00', '0.00', '0.00', 'a', '2023-02-15 21:24:15', '2023-02-15 21:24:15'),
(124, '2023000099', '2023-02-16', '1490.00', '1490.00', '0.00', '0.00', '0.00', '1500.00', '-10.00', '0.00', 'a', '2023-02-16 15:14:38', '2023-02-16 15:14:38'),
(125, '2023000100', '2023-02-16', '120.00', '120.00', '0.00', '0.00', '0.00', '0.00', '120.00', '0.00', 'a', '2023-02-16 15:38:47', '2023-02-16 15:38:47'),
(126, '2023000101', '2023-02-16', '75.00', '75.00', '0.00', '0.00', '0.00', '0.00', '75.00', '0.00', 'a', '2023-02-16 16:10:49', '2023-02-16 16:10:49'),
(127, '2023000102', '2023-02-17', '8000.00', '8000.00', '0.00', '0.00', '0.00', '8000.00', '0.00', '0.00', 'a', '2023-02-17 20:00:54', '2023-02-17 20:00:54'),
(128, '2023000103', '2023-02-18', '41000.00', '41000.00', '0.00', '0.00', '0.00', '0.00', '41000.00', '0.00', 'a', '2023-02-18 16:43:27', '2023-02-18 16:43:27'),
(129, '2023000104', '2023-02-18', '227860.00', '232000.00', '4640.00', '500.00', '0.00', '0.00', '227860.00', '0.00', 'a', '2023-02-18 16:48:36', '2023-02-18 16:48:36'),
(130, '2023000105', '2023-02-18', '130.00', '130.00', '0.00', '0.00', '0.00', '0.00', '130.00', '0.00', 'a', '2023-02-18 18:15:18', '2023-02-18 18:15:18'),
(131, '2023000106', '2023-02-19', '2520.00', '2520.00', '0.00', '0.00', '0.00', '2520.00', '0.00', '0.00', 'a', '2023-02-19 10:53:58', '2023-02-19 10:53:58'),
(132, '2023000107', '2023-02-19', '33205.00', '33205.00', '0.00', '0.00', '0.00', '0.00', '33205.00', '0.00', 'a', '2023-02-19 12:51:57', '2023-02-19 12:52:55'),
(133, '2023000108', '2023-02-19', '1995.00', '1995.00', '0.00', '0.00', '0.00', '0.00', '1995.00', '0.00', 'a', '2023-02-19 12:55:31', '2023-02-19 12:55:31'),
(134, '2023000109', '2023-02-20', '2400.00', '2400.00', '0.00', '0.00', '0.00', '0.00', '2400.00', '0.00', 'a', '2023-02-20 10:44:33', '2023-02-20 10:44:33'),
(135, '2023000110', '2023-02-20', '700.00', '700.00', '0.00', '0.00', '0.00', '0.00', '700.00', '0.00', 'a', '2023-02-20 14:56:45', '2023-02-20 14:56:45'),
(136, '2023000111', '2023-02-20', '2600.00', '2700.00', '100.00', '0.00', '0.00', '0.00', '2600.00', '0.00', 'a', '2023-02-20 18:59:01', '2023-02-20 18:59:01'),
(137, '2023000112', '2023-02-20', '225.00', '225.00', '0.00', '0.00', '0.00', '225.00', '0.00', '0.00', 'a', '2023-02-20 20:06:33', '2023-02-20 20:09:11'),
(138, '2023000113', '2023-02-20', '53225.00', '53725.00', '500.00', '0.00', '0.00', '50000.00', '3225.00', '0.00', 'a', '2023-02-20 22:42:30', '2023-02-20 22:42:30'),
(139, '2023000114', '2023-02-21', '6340.00', '8290.00', '2000.00', '50.00', '0.00', '0.00', '6340.00', '0.00', 'a', '2023-02-21 10:31:41', '2023-02-21 10:31:41'),
(140, '2023000115', '2023-02-21', '1000.00', '1000.00', '0.00', '0.00', '0.00', '100.00', '900.00', '0.00', 'a', '2023-02-21 16:30:19', '2023-02-21 16:30:19'),
(141, '2023000116', '2023-02-21', '1605.00', '1625.00', '20.00', '0.00', '0.00', '0.00', '1605.00', '0.00', 'a', '2023-02-21 18:13:53', '2023-02-21 18:13:53'),
(142, '2023000117', '2023-02-21', '132.00', '135.00', '3.00', '0.00', '0.00', '0.00', '132.00', '0.00', 'a', '2023-02-21 18:16:10', '2023-02-21 18:16:10'),
(143, '2023000118', '2023-02-25', '270.00', '270.00', '0.00', '0.00', '0.00', '0.00', '270.00', '0.00', 'a', '2023-02-25 11:04:39', '2023-02-25 11:04:39'),
(144, '2023000119', '2023-02-27', '4907.75', '4957.75', '50.00', '0.00', '0.00', '0.00', '4907.75', '0.00', 'a', '2023-02-27 19:30:21', '2023-02-27 19:30:21'),
(145, '2023000120', '2023-03-02', '56800.00', '59800.00', '3000.00', '0.00', '0.00', '30000.00', '26800.00', '0.00', 'a', '2023-03-02 12:00:50', '2023-03-02 12:00:50'),
(146, '2023000121', '2023-03-07', '527.50', '527.50', '0.00', '0.00', '0.00', '0.00', '527.50', '0.00', 'a', '2023-03-07 15:23:44', '2023-03-07 15:23:44'),
(147, '2023000122', '2023-03-07', '8040.00', '8040.00', '0.00', '0.00', '0.00', '5640.00', '2400.00', '0.00', 'a', '2023-03-07 15:28:13', '2023-03-07 15:28:13'),
(148, '2023000123', '2023-03-08', '300.00', '100.00', '0.00', '200.00', '0.00', '100.00', '200.00', '0.00', 'a', '2023-03-08 16:23:57', '2023-03-08 16:23:57'),
(149, '2023000124', '2023-03-11', '166500.00', '166000.00', '0.00', '500.00', '0.00', '50000.00', '116500.00', '0.00', 'a', '2023-03-11 12:36:30', '2023-03-11 12:36:30'),
(150, '2023000125', '2023-03-11', '300.00', '300.00', '0.00', '0.00', '0.00', '0.00', '300.00', '0.00', 'a', '2023-03-11 13:07:08', '2023-03-11 13:07:08'),
(151, '2023000126', '2023-03-11', '4840.00', '4940.00', '100.00', '0.00', '0.00', '0.00', '4840.00', '0.00', 'a', '2023-03-11 18:33:45', '2023-03-11 18:33:45'),
(152, '2023000127', '2023-03-13', '1416.25', '1416.25', '0.00', '0.00', '0.00', '0.00', '1416.25', '0.00', 'a', '2023-03-13 12:18:02', '2023-03-13 12:18:02'),
(153, '2023000128', '2023-03-16', '193.75', '193.75', '0.00', '0.00', '0.00', '0.00', '193.75', '0.00', 'a', '2023-03-16 23:41:41', '2023-03-16 23:41:41'),
(154, '2023000129', '2023-03-21', '19375.00', '19375.00', '0.00', '0.00', '0.00', '19375.00', '0.00', '0.00', 'a', '2023-03-21 15:38:57', '2023-03-21 15:38:57'),
(155, '2023000130', '2023-03-21', '452.50', '452.50', '0.00', '0.00', '0.00', '0.00', '452.50', '0.00', 'a', '2023-03-21 15:49:58', '2023-03-21 15:49:58'),
(156, '2023000131', '2023-03-27', '18313.75', '18313.75', '0.00', '0.00', '0.00', '18313.75', '0.00', '0.00', 'a', '2023-03-27 08:55:14', '2023-03-27 08:55:14'),
(157, '2023000132', '2023-03-27', '120155.00', '120155.00', '0.00', '0.00', '0.00', '120155.00', '0.00', '0.00', 'a', '2023-03-27 13:37:56', '2023-03-27 13:37:56'),
(158, '2023000133', '2023-03-27', '232.50', '232.50', '0.00', '0.00', '0.00', '232.50', '0.00', '0.00', 'a', '2023-03-27 14:38:55', '2023-03-27 14:38:55'),
(159, '2023000134', '2023-03-31', '13000.00', '13000.00', '0.00', '0.00', '0.00', '0.00', '13000.00', '0.00', 'a', '2023-03-31 18:09:22', '2023-03-31 18:09:22'),
(160, '2023000135', '2023-03-31', '1300.00', '1300.00', '0.00', '0.00', '0.00', '0.00', '1300.00', '0.00', 'a', '2023-03-31 18:52:07', '2023-03-31 18:52:07'),
(161, '2023000136', '2023-03-31', '1300.00', '1300.00', '0.00', '0.00', '0.00', '0.00', '1300.00', '0.00', 'a', '2023-03-31 18:52:48', '2023-03-31 18:52:48'),
(162, '2023000137', '2023-04-02', '282200.00', '280000.00', '2800.00', '5000.00', '0.00', '0.00', '282200.00', '0.00', 'a', '2023-04-02 11:14:59', '2023-04-02 11:14:59'),
(163, '2023000138', '2023-04-02', '192500.00', '192500.00', '0.00', '0.00', '0.00', '0.00', '192500.00', '0.00', 'a', '2023-04-02 11:44:41', '2023-04-02 11:44:41'),
(164, '2023000139', '2023-04-03', '70.00', '70.00', '0.00', '0.00', '0.00', '0.00', '70.00', '0.00', 'a', '2023-04-03 21:50:51', '2023-04-03 21:50:51'),
(165, '2023000140', '2023-04-04', '23500.00', '11500.00', '0.00', '12000.00', '0.00', '200.00', '23300.00', '0.00', 'a', '2023-04-04 12:08:35', '2023-04-04 12:08:35'),
(166, '2023000141', '2023-04-04', '193.75', '193.75', '0.00', '0.00', '0.00', '0.00', '193.75', '0.00', 'a', '2023-04-04 21:43:42', '2023-04-04 21:43:42'),
(167, '2023000141', '2023-04-04', '193.75', '193.75', '0.00', '0.00', '0.00', '0.00', '193.75', '0.00', 'a', '2023-04-04 21:43:42', '2023-04-04 21:43:42'),
(168, '2023000143', '2023-04-04', '193.75', '193.75', '0.00', '0.00', '0.00', '0.00', '193.75', '0.00', 'a', '2023-04-04 21:43:42', '2023-04-04 21:43:42'),
(169, '2023000144', '2023-04-04', '193.75', '193.75', '0.00', '0.00', '0.00', '0.00', '193.75', '0.00', 'a', '2023-04-04 23:58:50', '2023-04-04 23:58:50'),
(170, '2023000145', '2023-04-05', '172378.75', '172378.75', '0.00', '0.00', '0.00', '172378.75', '0.00', '0.00', 'a', '2023-04-05 09:59:52', '2023-04-05 09:59:52'),
(171, '2023000146', '2023-04-05', '70.00', '70.00', '0.00', '0.00', '0.00', '70.00', '0.00', '0.00', 'a', '2023-04-05 15:14:18', '2023-04-05 15:14:18'),
(172, '2023000147', '2023-04-05', '3250.00', '3250.00', '0.00', '0.00', '0.00', '0.00', '3250.00', '0.00', 'a', '2023-04-05 22:28:28', '2023-04-05 22:28:28'),
(173, '2023000148', '2023-04-08', '15070.00', '15070.00', '0.00', '0.00', '0.00', '0.00', '15070.00', '0.00', 'a', '2023-04-08 18:05:11', '2023-04-08 18:05:11'),
(174, '2023000149', '2023-04-09', '45030.00', '45030.00', '0.00', '0.00', '0.00', '0.00', '45030.00', '0.00', 'a', '2023-04-09 11:49:35', '2023-04-09 11:49:35'),
(175, '2023000150', '2023-04-30', '3478.75', '3478.75', '0.00', '0.00', '0.00', '3500.00', '-21.25', '0.00', 'a', '2023-04-30 09:48:10', '2023-04-30 09:48:10'),
(176, '2023000151', '2023-04-30', '70.00', '70.00', '0.00', '0.00', '0.00', '0.00', '70.00', '0.00', 'a', '2023-04-30 17:19:29', '2023-04-30 17:19:29'),
(177, '2023000152', '2023-05-01', '350.00', '350.00', '0.00', '0.00', '0.00', '0.00', '350.00', '0.00', 'a', '2023-05-01 09:45:37', '2023-05-01 09:45:37'),
(178, '2023000153', '2022-03-01', '38.75', '38.75', '0.00', '0.00', '0.00', '0.00', '38.75', '0.00', 'a', '2023-05-01 09:50:09', '2023-05-01 09:50:09'),
(179, '2023000154', '2023-05-02', '28275.00', '27500.00', '825.00', '500.00', '1100.00', '28275.00', '0.00', '0.00', 'a', '2023-05-02 17:07:13', '2023-05-02 17:10:13'),
(180, '2023000155', '2023-05-02', '48220.00', '48000.00', '2400.00', '700.00', '1920.00', '25000.00', '23220.00', '0.00', 'a', '2023-05-02 17:08:38', '2023-05-02 17:08:38'),
(181, '2023000156', '2023-05-04', '675000.00', '675000.00', '0.00', '0.00', '0.00', '675000.00', '675000.00', '0.00', 'a', '2023-05-04 10:56:40', '2023-05-04 10:56:40'),
(182, '2023000157', '2023-05-09', '790.00', '790.00', '0.00', '0.00', '0.00', '790.00', '790.00', '0.00', 'a', '2023-05-09 16:39:31', '2023-05-09 16:39:31'),
(183, '2023000158', '2023-05-09', '5434563797450.00', '5434563797450.00', '0.00', '0.00', '0.00', '0.00', '5434563797450.00', '0.00', 'a', '2023-05-09 17:23:42', '2023-05-09 17:23:42'),
(184, '2023000159', '2023-05-09', '55000.00', '55000.00', '0.00', '0.00', '0.00', '50050.00', '4950.00', '0.00', 'a', '2023-05-09 18:18:58', '2023-05-09 18:18:58'),
(185, '2023000160', '2023-05-09', '15800.00', '15800.00', '0.00', '0.00', '0.00', '1860.00', '13940.00', '0.00', 'a', '2023-05-09 18:20:07', '2023-05-09 18:20:07'),
(186, '2023000161', '2023-05-09', '3950.00', '3950.00', '0.00', '0.00', '0.00', '0.00', '3950.00', '0.00', 'a', '2023-05-09 18:36:12', '2023-05-09 18:36:12'),
(187, '2023000162', '2023-05-09', '2717281871225.00', '2717281871225.00', '0.00', '0.00', '0.00', '0.00', '2717281871225.00', '0.00', 'a', '2023-05-09 21:13:53', '2023-05-09 21:13:53'),
(188, '2023000163', '2023-05-09', '790.00', '790.00', '0.00', '0.00', '0.00', '0.00', '790.00', '0.00', 'a', '2023-05-09 21:32:07', '2023-05-09 21:32:07'),
(189, '2023000164', '2023-05-10', '18930.00', '18930.00', '0.00', '0.00', '0.00', '8000.00', '10930.00', '0.00', 'a', '2023-05-10 10:15:06', '2023-05-11 11:47:09'),
(190, '2023000165', '2023-05-10', '543456374380.00', '543456374380.00', '0.00', '0.00', '0.00', '100.00', '543456374280.00', '0.00', 'a', '2023-05-10 17:01:13', '2023-05-10 17:01:13'),
(191, '2023000166', '2023-05-11', '3300.00', '5500.00', '2200.00', '0.00', '0.00', '3500.00', '-200.00', '0.00', 'a', '2023-05-11 07:35:56', '2023-05-11 07:35:56'),
(192, '2023000167', '2023-05-11', '38.75', '38.75', '0.00', '0.00', '0.00', '0.00', '38.75', '0.00', 'a', '2023-05-11 10:21:40', '2023-05-11 10:21:40'),
(193, '2023000168', '2023-05-11', '15927.50', '15927.50', '0.00', '0.00', '0.00', '8027.50', '7900.00', '0.00', 'a', '2023-05-11 11:45:17', '2023-05-11 11:46:24'),
(194, '2023000169', '2023-05-11', '905.00', '905.00', '0.00', '0.00', '0.00', '1000.00', '-95.00', '0.00', 'a', '2023-05-11 18:04:42', '2023-05-11 18:04:42'),
(195, '2023000170', '2023-05-11', '3950.00', '3950.00', '0.00', '0.00', '0.00', '39850.00', '-35900.00', '0.00', 'a', '2023-05-11 19:03:23', '2023-05-11 19:03:23'),
(196, '2023000171', '2023-05-11', '44000.00', '44000.00', '0.00', '0.00', '0.00', '20000.00', '24000.00', '0.00', 'a', '2023-05-11 19:16:13', '2023-05-11 19:16:13'),
(197, '2023000172', '2023-05-12', '115.00', '115.00', '0.00', '0.00', '0.00', '115.00', '0.00', '0.00', 'a', '2023-05-12 11:33:48', '2023-05-12 11:33:48'),
(198, '2023000173', '2023-05-12', '116.00', '120.00', '24.00', '20.00', '0.00', '116.00', '0.00', '0.00', 'a', '2023-05-12 11:34:52', '2023-05-12 11:34:52'),
(199, '2023000174', '2023-05-13', '33089.50', '33079.50', '0.00', '10.00', '0.00', '30000.00', '3089.50', '0.00', 'a', '2023-05-13 22:41:07', '2023-05-13 22:42:13'),
(200, '2023000175', '2023-05-14', '7900.00', '7900.00', '0.00', '0.00', '0.00', '0.00', '7900.00', '0.00', 'd', '2023-05-14 09:31:48', '2023-05-14 09:40:34'),
(201, '2023000176', '2023-05-14', '1660.00', '1660.00', '0.00', '0.00', '0.00', '0.00', '1660.00', '0.00', 'a', '2023-05-14 13:18:36', '2023-05-14 13:18:36'),
(202, '2023000177', '2023-05-14', '177620.00', '166000.00', '0.00', '0.00', '11620.00', '177620.00', '166000.00', '0.00', 'a', '2023-05-14 14:12:54', '2023-05-14 14:12:54'),
(203, '2023000178', '2023-05-14', '15800.00', '15800.00', '0.00', '0.00', '0.00', '0.00', '15800.00', '0.00', 'a', '2023-05-14 14:17:04', '2023-05-14 14:17:04'),
(204, '2023000179', '2023-05-14', '5500.00', '5500.00', '55.00', '0.00', '55.00', '0.00', '5500.00', '0.00', 'a', '2023-05-14 14:18:17', '2023-05-14 14:18:17'),
(205, '2023000180', '2023-05-14', '790.00', '790.00', '0.00', '0.00', '0.00', '790.00', '0.00', '0.00', 'a', '2023-05-14 14:32:21', '2023-05-14 14:32:21'),
(206, '2023000181', '2023-05-14', '115.00', '115.00', '0.00', '0.00', '0.00', '115.00', '0.00', '0.00', 'a', '2023-05-14 15:26:42', '2023-05-14 15:26:42'),
(207, '2023000182', '2023-05-14', '16500.00', '16500.00', '0.00', '0.00', '0.00', '0.00', '16500.00', '0.00', 'a', '2023-05-14 20:55:43', '2023-05-14 20:55:43'),
(208, '2023000183', '2023-05-14', '650.00', '650.00', '0.00', '0.00', '0.00', '0.00', '650.00', '0.00', 'a', '2023-05-14 21:26:57', '2023-05-14 21:26:57'),
(209, '2023000184', '2023-05-15', '5500.00', '5500.00', '0.00', '0.00', '0.00', '6000.00', '-500.00', '0.00', 'a', '2023-05-15 18:53:02', '2023-05-15 18:53:02'),
(210, '2023000185', '2023-05-16', '8000.00', '7900.00', '0.00', '100.00', '0.00', '1000.00', '7000.00', '0.00', 'd', '2023-05-16 14:49:20', '2023-05-16 16:22:14'),
(211, '2023000186', '2023-05-17', '2717281875175.00', '2717281875175.00', '0.00', '0.00', '0.00', '0.00', '2717281875175.00', '0.00', 'a', '2023-05-18 00:09:09', '2023-05-18 00:09:09'),
(212, '2023000187', '2023-05-18', '16500.00', '16500.00', '0.00', '0.00', '0.00', '5000.00', '11500.00', '0.00', 'a', '2023-05-18 10:41:16', '2023-05-18 10:41:16'),
(213, '2023000188', '2023-05-19', '1490820.50', '1490720.50', '0.00', '100.00', '0.00', '0.00', '1490820.50', '0.00', 'a', '2023-05-19 08:45:43', '2023-05-19 08:45:43'),
(214, '2023000189', '2023-05-19', '14400.00', '14400.00', '0.00', '0.00', '0.00', '0.00', '14400.00', '0.00', 'a', '2023-05-19 09:33:37', '2023-05-19 09:33:37'),
(215, '2023000190', '2023-05-19', '4200.00', '4200.00', '0.00', '0.00', '0.00', '4200.00', '0.00', '0.00', 'a', '2023-05-19 13:38:02', '2023-05-19 13:38:02'),
(216, '2023000191', '2023-05-19', '840.00', '840.00', '0.00', '0.00', '0.00', '0.00', '840.00', '0.00', 'a', '2023-05-19 13:46:16', '2023-05-19 13:46:16'),
(217, '2023000192', '2023-05-19', '44.00', '44.00', '0.00', '0.00', '0.00', '44.00', '0.00', '0.00', 'a', '2023-05-19 14:05:35', '2023-05-19 14:05:35'),
(218, '2023000193', '2023-05-19', '11000000.00', '11000000.00', '0.00', '0.00', '0.00', '11000000.00', '0.00', '0.00', 'a', '2023-05-19 14:34:29', '2023-05-19 14:34:29'),
(219, '2023000194', '2023-05-19', '840.00', '840.00', '0.00', '0.00', '0.00', '840.00', '0.00', '0.00', 'a', '2023-05-19 14:39:30', '2023-05-19 14:39:30'),
(220, '2023000195', '2023-05-20', '140.00', '140.00', '0.00', '0.00', '0.00', '0.00', '140.00', '0.00', 'a', '2023-05-20 06:27:42', '2023-05-20 06:27:42'),
(221, '2023000196', '2023-05-20', '4.00', '3.00', '0.00', '1.00', '0.00', '4.00', '0.00', '0.00', 'a', '2023-05-20 06:33:48', '2023-05-20 15:02:06'),
(222, '2023000197', '2023-05-20', '10000.00', '9600.00', '0.00', '400.00', '0.00', '10000.00', '0.00', '0.00', 'a', '2023-05-20 15:12:59', '2023-05-20 15:15:19'),
(223, '2023000198', '2023-05-20', '997.50', '1050.00', '52.50', '0.00', '0.00', '997.50', '0.00', '0.00', 'a', '2023-05-20 15:52:53', '2023-05-20 15:52:53'),
(224, '2023000199', '2023-05-20', '250.00', '250.00', '0.00', '0.00', '0.00', '250.00', '250.00', '0.00', 'a', '2023-05-20 16:52:47', '2023-05-20 16:52:47'),
(225, '2023000200', '2023-05-20', '15.00', '15.00', '0.00', '0.00', '0.00', '0.00', '15.00', '0.00', 'a', '2023-05-20 17:02:04', '2023-05-20 17:02:04'),
(226, '2023000201', '2023-05-20', '1600.00', '1600.00', '0.00', '0.00', '0.00', '1600.00', '0.00', '0.00', 'a', '2023-05-20 17:05:54', '2023-05-20 17:05:54'),
(227, '2023000202', '2023-05-21', '225.00', '225.00', '0.00', '0.00', '0.00', '225.00', '0.00', '0.00', 'a', '2023-05-21 14:22:06', '2023-05-21 14:22:06'),
(228, '2023000203', '2023-05-21', '1500.00', '1500.00', '0.00', '0.00', '0.00', '0.00', '1500.00', '0.00', 'a', '2023-05-21 14:26:14', '2023-05-21 14:26:14'),
(229, '2023000204', '2023-05-22', '90.00', '90.00', '0.00', '0.00', '0.00', '90.00', '0.00', '0.00', 'a', '2023-05-22 08:56:05', '2023-05-22 08:56:05'),
(230, '2023000205', '2023-05-22', '75.00', '75.00', '0.00', '0.00', '0.00', '75.00', '0.00', '0.00', 'd', '2023-05-22 08:59:31', '2023-05-22 10:35:13'),
(231, '2023000206', '2023-05-22', '52.00', '52.00', '0.00', '0.00', '0.00', '0.00', '52.00', '0.00', 'a', '2023-05-22 09:17:09', '2023-05-22 09:17:09'),
(232, '2023000207', '2023-05-22', '700.00', '700.00', '0.00', '0.00', '0.00', '700.00', '0.00', '0.00', 'a', '2023-05-22 10:29:11', '2023-05-22 10:29:11'),
(233, '2023000208', '2023-05-22', '14000.00', '14000.00', '0.00', '0.00', '0.00', '14000.00', '0.00', '0.00', 'a', '2023-05-22 14:29:27', '2023-05-22 14:29:27'),
(234, '2023000209', '2023-05-22', '2070.00', '2300.00', '230.00', '0.00', '0.00', '0.00', '2070.00', '0.00', 'a', '2023-05-22 20:21:48', '2023-05-22 20:21:48'),
(235, '2023000210', '2023-05-22', '12254.00', '12254.00', '0.00', '0.00', '0.00', '1000.00', '11254.00', '0.00', 'a', '2023-05-22 20:23:03', '2023-05-22 20:23:03'),
(236, '2023000211', '2023-05-22', '500.00', '500.00', '0.00', '0.00', '0.00', '400.00', '100.00', '0.00', 'a', '2023-05-22 20:24:29', '2023-05-22 20:24:29'),
(237, '2023000212', '2023-05-23', '15.00', '15.00', '0.00', '0.00', '0.00', '0.00', '15.00', '0.00', 'a', '2023-05-23 04:07:05', '2023-05-23 04:07:05'),
(238, '2023000213', '2023-05-23', '240000.00', '240000.00', '0.00', '0.00', '0.00', '240000.00', '0.00', '0.00', 'd', '2023-05-23 11:34:57', '2023-05-23 11:50:08'),
(239, '2023000214', '2023-05-24', '1506600.00', '1505600.00', '0.00', '1000.00', '0.00', '0.00', '1506600.00', '0.00', 'a', '2023-05-24 13:33:08', '2023-05-24 13:33:08'),
(240, '2023000215', '2023-05-24', '600000.00', '600000.00', '0.00', '0.00', '0.00', '0.00', '600000.00', '0.00', 'a', '2023-05-24 13:36:35', '2023-05-24 13:36:35'),
(241, '2023000216', '2023-05-24', '921000.00', '920000.00', '0.00', '1000.00', '0.00', '521000.00', '400000.00', '0.00', 'a', '2023-05-24 13:47:51', '2023-05-24 13:47:51'),
(242, '2023000217', '2023-05-27', '400.00', '400.00', '0.00', '0.00', '0.00', '0.00', '400.00', '0.00', 'a', '2023-05-27 12:31:13', '2023-05-27 12:31:13'),
(243, '2023000218', '2023-05-27', '50.00', '50.00', '0.00', '0.00', '0.00', '50.00', '50.00', '0.00', 'a', '2023-05-27 12:35:18', '2023-05-27 12:35:18'),
(244, '2023000219', '2023-05-28', '500.00', '500.00', '0.00', '0.00', '0.00', '0.00', '500.00', '0.00', 'a', '2023-05-28 11:07:55', '2023-05-28 11:07:55'),
(245, '2023000220', '2023-05-30', '7500.00', '7500.00', '0.00', '0.00', '0.00', '7500.00', '0.00', '0.00', 'a', '2023-05-30 16:44:12', '2023-05-31 13:25:26'),
(246, '2023000221', '2023-05-30', '3840000.00', '3840000.00', '0.00', '0.00', '0.00', '840000.00', '3000000.00', '0.00', 'a', '2023-05-30 18:14:43', '2023-05-30 18:14:43'),
(247, '2023000222', '2023-05-31', '2610250.00', '2610250.00', '0.00', '0.00', '0.00', '2610250.00', '0.00', '0.00', 'a', '2023-05-31 11:23:05', '2023-05-31 11:23:05'),
(248, '2023000223', '2023-06-01', '3600000.00', '3600000.00', '0.00', '0.00', '0.00', '0.00', '3600000.00', '0.00', 'a', '2023-06-01 16:33:57', '2023-06-01 16:33:57'),
(249, '2023000224', '2023-06-03', '23900.00', '23900.00', '0.00', '0.00', '0.00', '0.00', '23900.00', '0.00', 'a', '2023-06-03 09:22:46', '2023-06-03 09:22:46'),
(250, '2023000225', '2023-06-03', '1261400.00', '1261400.00', '0.00', '0.00', '0.00', '0.00', '1261400.00', '0.00', 'a', '2023-06-03 09:26:14', '2023-06-03 09:26:14'),
(251, '2023000226', '2023-06-04', '5000.00', '5000.00', '0.00', '0.00', '0.00', '0.00', '5000.00', '0.00', 'a', '2023-06-04 10:47:58', '2023-06-04 10:47:58');

-- --------------------------------------------------------

--
-- Table structure for table `sale_details`
--

CREATE TABLE `sale_details` (
  `id` bigint UNSIGNED NOT NULL,
  `sale_id` int UNSIGNED NOT NULL,
  `product_id` int UNSIGNED NOT NULL,
  `quantity` double(18,2) NOT NULL DEFAULT '0.00',
  `purchase_rate` decimal(18,2) NOT NULL DEFAULT '0.00',
  `sale_rate` decimal(18,2) NOT NULL DEFAULT '0.00',
  `total` decimal(18,2) NOT NULL DEFAULT '0.00',
  `discount` decimal(18,2) NOT NULL DEFAULT '0.00',
  `status` varchar(1) CHARACTER SET utf8mb4 COLLATE utf8mb4_unicode_ci NOT NULL DEFAULT 'a' COMMENT 'a => active, d => deactive',
  `added_by` int UNSIGNED DEFAULT NULL,
  `updated_by` int UNSIGNED DEFAULT NULL,
  `branch_id` int UNSIGNED DEFAULT NULL,
  `deleted_at` timestamp NULL DEFAULT NULL,
  `created_at` timestamp NULL DEFAULT NULL,
  `updated_at` timestamp NULL DEFAULT NULL
) ENGINE=MyISAM DEFAULT CHARSET=utf8mb4 COLLATE=utf8mb4_unicode_ci;

--
-- Dumping data for table `sale_details`
--

INSERT INTO `sale_details` (`id`, `sale_id`, `product_id`, `quantity`, `purchase_rate`, `sale_rate`, `total`, `discount`, `status`, `added_by`, `updated_by`, `branch_id`, `deleted_at`, `created_at`, `updated_at`) VALUES
(14, 1, 1, 50.00, '450.00', '650.00', '32500.00', '0.00', 'a', NULL, NULL, 1, NULL, '2022-11-13 11:35:53', '2022-11-13 11:35:53'),
(13, 1, 3, 10.00, '465.00', '650.00', '6500.00', '0.00', 'a', NULL, NULL, 1, NULL, '2022-11-13 11:35:53', '2022-11-13 11:35:53'),
(12, 1, 7, 15.00, '4500.00', '5500.00', '82500.00', '0.00', 'a', NULL, NULL, 1, NULL, '2022-11-13 11:35:53', '2022-11-13 11:35:53'),
(11, 1, 8, 10.00, '5500.00', '6500.00', '65000.00', '0.00', 'a', NULL, NULL, 1, NULL, '2022-11-13 11:35:53', '2022-11-13 11:35:53'),
(10, 1, 9, 10.00, '6500.00', '7200.00', '72000.00', '0.00', 'a', NULL, NULL, 1, NULL, '2022-11-13 11:35:53', '2022-11-13 11:35:53'),
(9, 1, 10, 10.00, '6900.00', '8000.00', '80000.00', '0.00', 'a', NULL, NULL, 1, NULL, '2022-11-13 11:35:53', '2022-11-13 11:35:53'),
(8, 1, 11, 100.00, '350.00', '450.00', '45000.00', '0.00', 'a', NULL, NULL, 1, NULL, '2022-11-13 11:35:53', '2022-11-13 11:35:53'),
(15, 2, 11, 200.00, '350.00', '450.00', '90000.00', '0.00', 'a', NULL, NULL, 1, NULL, '2022-11-13 11:38:47', '2022-11-13 11:38:47'),
(16, 2, 2, 50.00, '471.00', '650.00', '32500.00', '0.00', 'a', NULL, NULL, 1, NULL, '2022-11-13 11:38:47', '2022-11-13 11:38:47'),
(17, 2, 1, 60.00, '450.00', '650.00', '39000.00', '0.00', 'a', NULL, NULL, 1, NULL, '2022-11-13 11:38:47', '2022-11-13 11:38:47'),
(18, 3, 11, 100.00, '350.00', '450.00', '45000.00', '0.00', 'a', NULL, NULL, 1, NULL, '2022-11-13 12:41:34', '2022-11-13 12:41:34'),
(19, 4, 10, 20.00, '6900.00', '8000.00', '160000.00', '0.00', 'a', NULL, NULL, 1, NULL, '2022-11-13 12:44:15', '2022-11-13 12:44:15'),
(20, 5, 11, 500.00, '350.00', '450.00', '225000.00', '0.00', 'a', NULL, NULL, 1, NULL, '2022-11-14 13:26:34', '2022-11-14 13:26:34'),
(21, 6, 2, 100.00, '471.00', '650.00', '65000.00', '0.00', 'a', NULL, NULL, 1, NULL, '2022-11-20 11:48:22', '2022-11-20 11:48:22'),
(22, 6, 3, 160.00, '465.00', '650.00', '104000.00', '0.00', 'a', NULL, NULL, 1, NULL, '2022-11-20 11:48:22', '2022-11-20 11:48:22'),
(23, 6, 1, 150.00, '450.00', '650.00', '97500.00', '0.00', 'a', NULL, NULL, 1, NULL, '2022-11-20 11:48:22', '2022-11-20 11:48:22'),
(24, 7, 4, 200.00, '650.00', '711.00', '142200.00', '0.00', 'a', NULL, NULL, 1, NULL, '2022-11-27 10:22:17', '2022-11-27 10:22:17'),
(25, 7, 9, 20.00, '6500.00', '6800.00', '136000.00', '0.00', 'a', NULL, NULL, 1, NULL, '2022-11-27 10:22:17', '2022-11-27 10:22:17'),
(26, 7, 11, 650.00, '350.00', '380.00', '247000.00', '0.00', 'a', NULL, NULL, 1, NULL, '2022-11-27 10:22:17', '2022-11-27 10:22:17'),
(27, 8, 11, 150.00, '350.00', '380.00', '57000.00', '0.00', 'a', NULL, NULL, 1, NULL, '2022-11-29 12:03:21', '2022-11-29 12:03:21'),
(28, 9, 11, 850.00, '350.00', '380.00', '323000.00', '0.00', 'a', NULL, NULL, 1, NULL, '2022-11-29 12:39:53', '2022-11-29 12:39:53'),
(29, 10, 8, 20.00, '5500.00', '5800.00', '116000.00', '0.00', 'a', NULL, NULL, 1, NULL, '2022-11-29 16:54:27', '2022-11-29 16:54:27'),
(30, 10, 9, 50.00, '6500.00', '6800.00', '340000.00', '0.00', 'a', NULL, NULL, 1, NULL, '2022-11-29 16:54:27', '2022-11-29 16:54:27'),
(31, 11, 11, 1000.00, '350.00', '380.00', '380000.00', '0.00', 'a', NULL, NULL, 1, NULL, '2022-12-01 17:46:25', '2022-12-01 17:46:25'),
(32, 12, 11, 100.00, '350.00', '380.00', '38000.00', '0.00', 'a', NULL, NULL, 1, NULL, '2022-12-03 23:17:27', '2022-12-03 23:17:27'),
(33, 13, 11, 150.00, '350.00', '380.00', '57000.00', '0.00', 'a', NULL, NULL, 1, NULL, '2022-12-04 10:43:24', '2022-12-04 10:43:24'),
(34, 14, 11, 20.00, '350.00', '380.00', '7600.00', '0.00', 'a', NULL, NULL, 1, NULL, '2022-12-04 12:02:15', '2022-12-04 12:02:15'),
(35, 18, 11, 100.00, '350.00', '380.00', '38000.00', '0.00', 'a', NULL, NULL, 1, NULL, '2022-12-04 12:17:55', '2022-12-04 12:17:55'),
(36, 19, 11, 2.00, '350.00', '380.00', '760.00', '0.00', 'a', NULL, NULL, 1, NULL, '2022-12-04 12:21:15', '2022-12-04 12:21:15'),
(37, 23, 12, 10.00, '35000.00', '38500.00', '385000.00', '0.00', 'a', NULL, NULL, 1, NULL, '2022-12-07 11:21:44', '2022-12-07 11:21:44'),
(38, 24, 12, 2.00, '35000.00', '38500.00', '77000.00', '0.00', 'a', NULL, NULL, 1, NULL, '2022-12-08 12:13:24', '2022-12-08 12:13:24'),
(39, 25, 11, 200.00, '350.00', '380.00', '76000.00', '0.00', 'a', NULL, NULL, 1, NULL, '2022-12-08 12:35:12', '2022-12-08 12:35:12'),
(40, 26, 11, 100.00, '350.00', '380.00', '38000.00', '0.00', 'a', NULL, NULL, 1, NULL, '2023-01-01 18:10:57', '2023-01-01 18:10:57'),
(41, 26, 12, 2.00, '35000.00', '38500.00', '77000.00', '0.00', 'a', NULL, NULL, 1, NULL, '2023-01-01 18:10:57', '2023-01-01 18:10:57'),
(42, 27, 6, 5.00, '6150.00', '6350.00', '31750.00', '0.00', 'a', NULL, NULL, 1, NULL, '2023-01-03 17:07:07', '2023-01-03 17:07:07'),
(43, 28, 11, 1000.00, '350.00', '380.00', '380000.00', '0.00', 'a', NULL, NULL, 1, NULL, '2023-01-08 11:00:41', '2023-01-08 11:00:41'),
(44, 29, 4, 200.00, '650.00', '711.00', '142200.00', '0.00', 'a', NULL, NULL, 1, NULL, '2023-01-08 11:01:50', '2023-01-08 11:01:50'),
(45, 30, 11, 500.00, '350.00', '380.00', '190000.00', '0.00', 'a', NULL, NULL, 1, NULL, '2023-01-08 12:57:20', '2023-01-08 12:57:20'),
(46, 31, 11, 200.00, '350.00', '380.00', '76000.00', '0.00', 'a', NULL, NULL, 1, NULL, '2023-01-08 19:06:42', '2023-01-08 19:06:42'),
(47, 32, 3, 50.00, '465.00', '520.00', '26000.00', '0.00', 'a', NULL, NULL, 1, NULL, '2023-01-09 00:00:10', '2023-01-09 00:00:10'),
(48, 33, 11, 3.00, '350.00', '450.00', '1350.00', '0.00', 'a', NULL, NULL, 1, NULL, '2023-01-09 16:10:29', '2023-01-09 16:10:29'),
(49, 33, 12, 2.00, '35000.00', '40000.00', '80000.00', '0.00', 'a', NULL, NULL, 1, NULL, '2023-01-09 16:10:29', '2023-01-09 16:10:29'),
(50, 34, 10, 1.00, '6900.00', '8000.00', '8000.00', '0.00', 'a', NULL, NULL, 1, NULL, '2023-01-09 17:09:51', '2023-01-09 17:09:51'),
(51, 35, 4, 1.00, '650.00', '800.00', '800.00', '0.00', 'a', NULL, NULL, 1, NULL, '2023-01-09 17:12:12', '2023-01-09 17:12:12'),
(52, 35, 8, 1.00, '5500.00', '6500.00', '6500.00', '0.00', 'a', NULL, NULL, 1, NULL, '2023-01-09 17:12:12', '2023-01-09 17:12:12'),
(53, 36, 2, 3.00, '471.00', '650.00', '1950.00', '0.00', 'a', NULL, NULL, 1, NULL, '2023-01-09 17:35:45', '2023-01-09 17:35:45'),
(54, 36, 4, 10.00, '650.00', '800.00', '8000.00', '0.00', 'a', NULL, NULL, 1, NULL, '2023-01-09 17:35:45', '2023-01-09 17:35:45'),
(55, 37, 11, 1.00, '350.00', '450.00', '450.00', '0.00', 'a', NULL, NULL, 1, NULL, '2023-01-09 17:39:34', '2023-01-09 17:39:34'),
(56, 37, 4, 2.00, '650.00', '800.00', '1600.00', '0.00', 'a', NULL, NULL, 1, NULL, '2023-01-09 17:39:34', '2023-01-09 17:39:34'),
(57, 38, 7, 22.00, '4500.00', '5500.00', '121000.00', '0.00', 'a', NULL, NULL, 1, NULL, '2023-01-09 17:45:09', '2023-01-09 17:45:09'),
(58, 39, 7, 1.00, '4500.00', '5500.00', '5500.00', '0.00', 'a', NULL, NULL, 1, NULL, '2023-01-09 21:42:53', '2023-01-09 21:42:53'),
(59, 39, 13, 1.00, '155000.00', '165000.00', '165000.00', '0.00', 'a', NULL, NULL, 1, NULL, '2023-01-09 21:42:53', '2023-01-09 21:42:53'),
(60, 39, 11, 1.00, '350.00', '450.00', '450.00', '0.00', 'a', NULL, NULL, 1, NULL, '2023-01-09 21:42:53', '2023-01-09 21:42:53'),
(61, 39, 12, 1.00, '35000.00', '40000.00', '40000.00', '0.00', 'a', NULL, NULL, 1, NULL, '2023-01-09 21:42:53', '2023-01-09 21:42:53'),
(62, 39, 14, 10.00, '4.00', '5.00', '50.00', '0.00', 'a', NULL, NULL, 1, NULL, '2023-01-09 21:42:53', '2023-01-09 21:42:53'),
(63, 40, 14, 1.00, '4.00', '5.00', '5.00', '0.00', 'a', NULL, NULL, 1, NULL, '2023-01-10 12:40:16', '2023-01-10 12:40:16'),
(64, 41, 17, 10.00, '80.00', '90.00', '900.00', '0.00', 'a', NULL, NULL, 1, NULL, '2023-01-10 15:33:15', '2023-01-10 15:33:15'),
(65, 42, 17, 2.00, '80.00', '90.00', '180.00', '0.00', 'a', NULL, NULL, 1, NULL, '2023-01-11 11:40:36', '2023-01-11 11:40:36'),
(66, 42, 12, 5.00, '35000.00', '38500.00', '192500.00', '0.00', 'a', NULL, NULL, 1, NULL, '2023-01-11 11:40:36', '2023-01-11 11:40:36'),
(67, 43, 11, 200.00, '350.00', '380.00', '76000.00', '0.00', 'a', NULL, NULL, 1, NULL, '2023-01-13 22:26:52', '2023-01-13 22:26:52'),
(68, 44, 14, 200.00, '4.00', '5.00', '1000.00', '0.00', 'a', NULL, NULL, 1, NULL, '2023-01-14 11:32:04', '2023-01-14 11:32:04'),
(69, 44, 19, 10.00, '866.00', '870.00', '8700.00', '0.00', 'a', NULL, NULL, 1, NULL, '2023-01-14 11:32:04', '2023-01-14 11:32:04'),
(70, 44, 20, 100.00, '10.00', '12.00', '1200.00', '0.00', 'a', NULL, NULL, 1, NULL, '2023-01-14 11:32:04', '2023-01-14 11:32:04'),
(71, 45, 20, 100.00, '10.00', '11.00', '1100.00', '0.00', 'a', NULL, NULL, 1, NULL, '2023-01-14 11:33:17', '2023-01-14 11:33:17'),
(72, 46, 21, 20000.00, '70.00', '73.00', '1460000.00', '0.00', 'a', NULL, NULL, 1, NULL, '2023-01-14 11:42:16', '2023-01-14 11:42:16'),
(73, 47, 24, 2000.00, '70.00', '80.00', '160000.00', '0.00', 'a', NULL, NULL, 1, NULL, '2023-01-14 23:38:32', '2023-01-14 23:38:32'),
(74, 48, 20, 100.00, '10.00', '11.00', '1100.00', '0.00', 'a', NULL, NULL, 1, NULL, '2023-01-14 23:52:45', '2023-01-14 23:52:45'),
(75, 49, 14, 500.00, '4.00', '4.50', '2250.00', '0.00', 'a', NULL, NULL, 1, NULL, '2023-01-15 02:47:22', '2023-01-15 02:47:22'),
(76, 49, 19, 20.00, '866.00', '868.00', '17360.00', '0.00', 'a', NULL, NULL, 1, NULL, '2023-01-15 02:47:22', '2023-01-15 02:47:22'),
(77, 49, 25, 100.00, '12.00', '13.00', '1300.00', '0.00', 'a', NULL, NULL, 1, NULL, '2023-01-15 02:47:22', '2023-01-15 02:47:22'),
(78, 50, 19, 50.00, '866.00', '868.00', '43400.00', '0.00', 'a', NULL, NULL, 1, NULL, '2023-01-15 03:39:38', '2023-01-15 03:39:38'),
(79, 50, 24, 100.00, '70.00', '80.00', '8000.00', '0.00', 'a', NULL, NULL, 1, NULL, '2023-01-15 03:39:38', '2023-01-15 03:39:38'),
(80, 50, 26, 100.00, '55.00', '60.00', '6000.00', '0.00', 'a', NULL, NULL, 1, NULL, '2023-01-15 03:39:38', '2023-01-15 03:39:38'),
(81, 51, 23, 1.00, '110.00', '150.00', '150.00', '0.00', 'a', NULL, NULL, 1, NULL, '2023-01-16 10:19:39', '2023-01-16 10:19:39'),
(83, 52, 25, 10.00, '12.00', '15.00', '150.00', '0.00', 'a', NULL, NULL, 1, NULL, '2023-01-16 12:14:16', '2023-01-16 12:14:16'),
(84, 53, 23, 101.00, '110.00', '150.00', '15150.00', '0.00', 'a', NULL, NULL, 1, NULL, '2023-01-16 12:29:46', '2023-01-16 12:29:46'),
(85, 53, 25, 100.00, '12.00', '15.00', '1500.00', '0.00', 'a', NULL, NULL, 1, NULL, '2023-01-16 12:29:46', '2023-01-16 12:29:46'),
(86, 54, 26, 1.00, '55.00', '70.00', '70.00', '0.00', 'a', NULL, NULL, 1, NULL, '2023-01-16 20:27:39', '2023-01-16 20:27:39'),
(87, 55, 19, 1.00, '866.00', '870.00', '870.00', '0.00', 'a', NULL, NULL, 1, NULL, '2023-01-16 20:37:15', '2023-01-16 20:37:15'),
(88, 56, 26, 1.00, '55.00', '27500.00', '27500.00', '0.00', 'a', NULL, NULL, 1, NULL, '2023-01-17 17:43:43', '2023-01-17 17:43:43'),
(89, 57, 23, 200.00, '110.00', '120.00', '24000.00', '0.00', 'a', NULL, NULL, 1, NULL, '2023-01-19 11:50:59', '2023-01-19 11:50:59'),
(90, 57, 21, 500.00, '70.00', '73.00', '36500.00', '0.00', 'a', NULL, NULL, 1, NULL, '2023-01-19 11:50:59', '2023-01-19 11:50:59'),
(91, 57, 20, 200.00, '10.00', '11.00', '2200.00', '0.00', 'a', NULL, NULL, 1, NULL, '2023-01-19 11:50:59', '2023-01-19 11:50:59'),
(92, 58, 25, 50.00, '12.00', '13.00', '650.00', '0.00', 'a', NULL, NULL, 1, NULL, '2023-01-19 17:27:05', '2023-01-19 17:27:05'),
(93, 58, 26, 100.00, '55.00', '60.00', '6000.00', '0.00', 'a', NULL, NULL, 1, NULL, '2023-01-19 17:27:05', '2023-01-19 17:27:05'),
(94, 59, 24, 1000.00, '70.00', '80.00', '80000.00', '0.00', 'a', NULL, NULL, 1, NULL, '2023-01-21 18:45:43', '2023-01-21 18:45:43'),
(95, 59, 11, 1000.00, '350.00', '380.00', '380000.00', '0.00', 'a', NULL, NULL, 1, NULL, '2023-01-21 18:45:43', '2023-01-21 18:45:43'),
(96, 60, 26, 10.00, '55.00', '70.00', '700.00', '0.00', 'a', NULL, NULL, 1, NULL, '2023-01-21 22:39:35', '2023-01-21 22:39:35'),
(97, 61, 24, 2.00, '70.00', '95.00', '190.00', '0.00', 'a', NULL, NULL, 1, NULL, '2023-01-22 00:47:17', '2023-01-22 00:47:17'),
(98, 62, 25, 5.00, '12.00', '15.00', '75.00', '0.00', 'a', NULL, NULL, 1, NULL, '2023-01-22 10:01:40', '2023-01-22 10:01:40'),
(99, 63, 11, 500.00, '350.00', '380.00', '190000.00', '0.00', 'a', NULL, NULL, 1, NULL, '2023-01-23 22:10:53', '2023-01-23 22:10:53'),
(100, 64, 25, 1.00, '12.00', '15.00', '15.00', '0.00', 'a', NULL, NULL, 1, NULL, '2023-01-24 16:23:16', '2023-01-24 16:23:16'),
(101, 64, 26, 1.00, '55.00', '70.00', '70.00', '0.00', 'a', NULL, NULL, 1, NULL, '2023-01-24 16:23:16', '2023-01-24 16:23:16'),
(102, 65, 19, 1.00, '866.00', '870.00', '870.00', '0.00', 'a', NULL, NULL, 1, NULL, '2023-01-24 16:25:13', '2023-01-24 16:25:13'),
(103, 65, 23, 1.00, '110.00', '150.00', '150.00', '0.00', 'a', NULL, NULL, 1, NULL, '2023-01-24 16:25:13', '2023-01-24 16:25:13'),
(104, 66, 21, 54501.00, '70.00', '75.00', '4087575.00', '0.00', 'a', NULL, NULL, 1, NULL, '2023-01-24 16:39:34', '2023-01-24 16:39:34'),
(105, 66, 24, 7006.00, '70.00', '95.00', '665570.00', '0.00', 'a', NULL, NULL, 1, NULL, '2023-01-24 16:39:34', '2023-01-24 16:39:34'),
(106, 66, 25, 744.00, '12.00', '15.00', '11160.00', '0.00', 'a', NULL, NULL, 1, NULL, '2023-01-24 16:39:34', '2023-01-24 16:39:34'),
(107, 66, 26, 819.00, '55.00', '70.00', '57330.00', '0.00', 'a', NULL, NULL, 1, NULL, '2023-01-24 16:39:34', '2023-01-24 16:39:34'),
(108, 67, 19, 2.00, '866.00', '870.00', '1740.00', '0.00', 'a', NULL, NULL, 1, NULL, '2023-01-24 17:40:17', '2023-01-24 17:40:17'),
(109, 68, 23, 5.00, '110.00', '150.00', '750.00', '0.00', 'a', NULL, NULL, 1, NULL, '2023-01-24 17:42:49', '2023-01-24 17:42:49'),
(110, 69, 10, 966.00, '6900.00', '8000.00', '7728000.00', '0.00', 'a', NULL, NULL, 1, NULL, '2023-01-24 19:48:47', '2023-01-24 19:48:47'),
(111, 69, 9, 417.00, '6500.00', '7200.00', '3002400.00', '0.00', 'a', NULL, NULL, 1, NULL, '2023-01-24 19:48:47', '2023-01-24 19:48:47'),
(112, 69, 8, 269.00, '5500.00', '6500.00', '1748500.00', '0.00', 'a', NULL, NULL, 1, NULL, '2023-01-24 19:48:47', '2023-01-24 19:48:47'),
(113, 69, 7, 464.00, '4500.00', '5500.00', '2552000.00', '0.00', 'a', NULL, NULL, 1, NULL, '2023-01-24 19:48:47', '2023-01-24 19:48:47'),
(114, 69, 6, 100.00, '6150.00', '7000.00', '700000.00', '0.00', 'a', NULL, NULL, 1, NULL, '2023-01-24 19:48:47', '2023-01-24 19:48:47'),
(115, 69, 4, 1087.00, '650.00', '800.00', '869600.00', '0.00', 'a', NULL, NULL, 1, NULL, '2023-01-24 19:48:47', '2023-01-24 19:48:47'),
(116, 69, 3, 1980.00, '465.00', '650.00', '1287000.00', '0.00', 'a', NULL, NULL, 1, NULL, '2023-01-24 19:48:47', '2023-01-24 19:48:47'),
(117, 69, 2, 847.00, '471.00', '650.00', '550550.00', '0.00', 'a', NULL, NULL, 1, NULL, '2023-01-24 19:48:47', '2023-01-24 19:48:47'),
(118, 69, 1, 740.00, '450.00', '650.00', '481000.00', '0.00', 'a', NULL, NULL, 1, NULL, '2023-01-24 19:48:47', '2023-01-24 19:48:47'),
(119, 70, 19, 328.00, '866.00', '870.00', '285360.00', '0.00', 'a', NULL, NULL, 1, NULL, '2023-01-24 19:58:13', '2023-01-24 19:58:13'),
(120, 70, 20, 11500.00, '10.00', '12.00', '138000.00', '0.00', 'a', NULL, NULL, 1, NULL, '2023-01-24 19:58:13', '2023-01-24 19:58:13'),
(121, 70, 17, 88.00, '80.00', '120.00', '10560.00', '0.00', 'a', NULL, NULL, 1, NULL, '2023-01-24 19:58:13', '2023-01-24 19:58:13'),
(122, 71, 13, 1.00, '165000.00', '166000.00', '166000.00', '0.00', 'd', NULL, NULL, 1, '2023-02-13 13:06:00', '2023-01-24 20:45:31', '2023-02-13 13:06:00'),
(123, 72, 4, 5.00, '650.00', '800.00', '4000.00', '0.00', 'a', NULL, NULL, 1, NULL, '2023-01-25 12:00:09', '2023-01-25 12:00:09'),
(124, 73, 23, 58.00, '110.00', '150.00', '8700.00', '0.00', 'a', NULL, NULL, 1, NULL, '2023-01-25 19:42:48', '2023-01-25 19:42:48'),
(125, 74, 23, 2.00, '110.00', '150.00', '300.00', '0.00', 'a', NULL, NULL, 1, NULL, '2023-01-26 08:06:32', '2023-01-26 08:06:32'),
(126, 75, 23, 2.00, '110.00', '150.00', '300.00', '0.00', 'a', NULL, NULL, 1, NULL, '2023-01-26 22:08:20', '2023-01-26 22:08:20'),
(127, 76, 20, 5.00, '10.00', '12.00', '60.00', '0.00', 'a', NULL, NULL, 1, NULL, '2023-01-27 16:26:51', '2023-01-27 16:26:51'),
(128, 77, 11, 200.00, '350.00', '380.00', '76000.00', '0.00', 'a', NULL, NULL, 1, NULL, '2023-01-29 10:57:48', '2023-01-29 10:57:48'),
(129, 78, 26, 66.00, '55.00', '70.00', '4620.00', '0.00', 'a', NULL, NULL, 1, NULL, '2023-01-30 10:38:12', '2023-01-30 10:38:12'),
(130, 79, 15, 2.00, '392.00', '420.00', '840.00', '0.00', 'a', NULL, NULL, 2, NULL, '2023-01-30 11:48:13', '2023-01-30 11:48:13'),
(131, 80, 26, 1.00, '55.00', '70.00', '70.00', '0.00', 'a', NULL, NULL, 1, NULL, '2023-01-30 13:19:12', '2023-01-30 13:19:12'),
(132, 81, 14, 1.00, '4.00', '5.00', '5.00', '0.00', 'a', NULL, NULL, 1, NULL, '2023-01-30 19:38:47', '2023-01-30 19:38:47'),
(133, 81, 17, 25.00, '80.00', '120.00', '3000.00', '0.00', 'a', NULL, NULL, 1, NULL, '2023-01-30 19:38:47', '2023-01-30 19:38:47'),
(134, 82, 25, 1.00, '12.00', '15.00', '15.00', '0.00', 'a', NULL, NULL, 1, NULL, '2023-01-30 20:24:42', '2023-01-30 20:24:42'),
(135, 83, 26, 30.00, '55.00', '70.00', '2100.00', '0.00', 'a', NULL, NULL, 1, NULL, '2023-01-30 20:39:36', '2023-01-30 20:39:36'),
(137, 84, 24, 2.00, '70.00', '95.00', '190.00', '0.00', 'a', NULL, NULL, 1, NULL, '2023-01-31 10:01:26', '2023-01-31 10:01:26'),
(138, 85, 26, 2.00, '55.00', '70.00', '140.00', '0.00', 'a', NULL, NULL, 1, NULL, '2023-01-31 10:04:18', '2023-01-31 10:04:18'),
(139, 86, 17, 10.00, '80.00', '90.00', '900.00', '0.00', 'a', NULL, NULL, 1, NULL, '2023-01-31 13:54:21', '2023-01-31 13:54:21'),
(140, 87, 23, 2.00, '110.00', '150.00', '300.00', '0.00', 'a', NULL, NULL, 1, NULL, '2023-02-01 07:34:27', '2023-02-01 07:34:27'),
(141, 88, 23, 64.00, '110.00', '150.00', '9600.00', '0.00', 'a', NULL, NULL, 1, NULL, '2023-02-01 07:36:52', '2023-02-01 07:36:52'),
(142, 89, 19, 1.00, '866.00', '870.00', '870.00', '0.00', 'a', NULL, NULL, 1, NULL, '2023-02-01 12:12:46', '2023-02-01 12:12:46'),
(143, 89, 22, 1.00, '50.00', '65.00', '65.00', '0.00', 'a', NULL, NULL, 1, NULL, '2023-02-01 12:12:46', '2023-02-01 12:12:46'),
(144, 89, 24, 1.00, '70.00', '95.00', '95.00', '0.00', 'a', NULL, NULL, 1, NULL, '2023-02-01 12:12:46', '2023-02-01 12:12:46'),
(145, 89, 23, 11.00, '110.00', '150.00', '1650.00', '0.00', 'a', NULL, NULL, 1, NULL, '2023-02-01 12:12:46', '2023-02-01 12:12:46'),
(146, 90, 28, 4.00, '250.00', '260.00', '1040.00', '0.00', 'a', NULL, NULL, 1, NULL, '2023-02-01 21:17:10', '2023-02-01 21:17:10'),
(147, 90, 12, 4.00, '35000.00', '38500.00', '154000.00', '0.00', 'a', NULL, NULL, 1, NULL, '2023-02-01 21:17:10', '2023-02-01 21:17:10'),
(148, 90, 11, 50.00, '350.00', '380.00', '19000.00', '0.00', 'a', NULL, NULL, 1, NULL, '2023-02-01 21:17:10', '2023-02-01 21:17:10'),
(149, 90, 10, 1.00, '6900.00', '7200.00', '7200.00', '0.00', 'a', NULL, NULL, 1, NULL, '2023-02-01 21:17:10', '2023-02-01 21:17:10'),
(150, 90, 6, 4.00, '6150.00', '6350.00', '25400.00', '0.00', 'a', NULL, NULL, 1, NULL, '2023-02-01 21:17:10', '2023-02-01 21:17:10'),
(151, 90, 26, 6.00, '55.00', '60.00', '360.00', '0.00', 'a', NULL, NULL, 1, NULL, '2023-02-01 21:17:10', '2023-02-01 21:17:10'),
(152, 91, 26, 1.00, '55.00', '70.00', '70.00', '0.00', 'a', NULL, NULL, 1, NULL, '2023-02-01 22:31:27', '2023-02-01 22:31:27'),
(153, 92, 17, 2.00, '80.00', '120.00', '240.00', '0.00', 'a', NULL, NULL, 1, NULL, '2023-02-02 01:04:56', '2023-02-02 01:04:56'),
(154, 92, 19, 1.00, '866.00', '870.00', '870.00', '0.00', 'a', NULL, NULL, 1, NULL, '2023-02-02 01:04:56', '2023-02-02 01:04:56'),
(155, 93, 19, 1.00, '866.00', '868.00', '868.00', '0.00', 'a', NULL, NULL, 1, NULL, '2023-02-02 01:06:26', '2023-02-02 01:06:26'),
(156, 94, 24, 1.00, '70.00', '95.00', '95.00', '0.00', 'a', NULL, NULL, 1, NULL, '2023-02-02 11:29:54', '2023-02-02 11:29:54'),
(157, 94, 25, 5.00, '12.00', '15.00', '75.00', '0.00', 'a', NULL, NULL, 1, NULL, '2023-02-02 11:29:54', '2023-02-02 11:29:54'),
(158, 95, 28, 2.00, '250.00', '280.00', '560.00', '0.00', 'a', NULL, NULL, 1, NULL, '2023-02-03 18:26:55', '2023-02-03 18:26:55'),
(159, 96, 24, 1.00, '70.00', '95.00', '95.00', '0.00', 'a', NULL, NULL, 1, NULL, '2023-02-05 20:30:16', '2023-02-05 20:30:16'),
(160, 97, 28, 2.00, '250.00', '280.00', '560.00', '0.00', 'a', NULL, NULL, 1, NULL, '2023-02-05 21:18:45', '2023-02-05 21:18:45'),
(161, 98, 15, 10.00, '392.00', '420.00', '4200.00', '0.00', 'a', NULL, NULL, 2, NULL, '2023-02-06 12:01:48', '2023-02-06 12:01:48'),
(162, 99, 4, 2.00, '650.00', '800.00', '1600.00', '0.00', 'a', NULL, NULL, 1, NULL, '2023-02-06 19:36:34', '2023-02-06 19:36:34'),
(163, 100, 25, 5.00, '12.00', '15.00', '75.00', '0.00', 'a', NULL, NULL, 1, NULL, '2023-02-06 19:38:33', '2023-02-06 19:38:33'),
(164, 101, 29, 5.00, '400.00', '500.00', '2500.00', '0.00', 'a', NULL, NULL, 1, NULL, '2023-02-06 20:17:19', '2023-02-06 20:17:19'),
(165, 102, 29, 1.00, '400.00', '500.00', '500.00', '0.00', 'a', NULL, NULL, 1, NULL, '2023-02-07 01:04:41', '2023-02-07 01:04:41'),
(166, 103, 12, 2.00, '35000.00', '40000.00', '80000.00', '0.00', 'a', NULL, NULL, 1, NULL, '2023-02-07 09:00:18', '2023-02-07 09:00:18'),
(167, 104, 29, 4.00, '400.00', '500.00', '2000.00', '0.00', 'a', NULL, NULL, 1, NULL, '2023-02-07 09:05:16', '2023-02-07 09:05:16'),
(168, 105, 12, 5.00, '35000.00', '40000.00', '200000.00', '0.00', 'a', NULL, NULL, 1, NULL, '2023-02-07 13:24:53', '2023-02-07 13:24:53'),
(169, 106, 30, 1.00, '130.00', '135.00', '135.00', '0.00', 'a', NULL, NULL, 1, NULL, '2023-02-07 14:04:38', '2023-02-07 14:04:38'),
(170, 107, 25, 1.00, '12.00', '15.00', '15.00', '0.00', 'a', NULL, NULL, 1, NULL, '2023-02-07 16:40:50', '2023-02-07 16:40:50'),
(171, 108, 26, 10.00, '55.00', '70.00', '700.00', '0.00', 'a', NULL, NULL, 1, NULL, '2023-02-08 08:29:40', '2023-02-08 08:29:40'),
(172, 109, 12, 3.00, '35000.00', '38500.00', '115500.00', '0.00', 'a', NULL, NULL, 1, NULL, '2023-02-09 15:31:42', '2023-02-09 15:31:42'),
(173, 109, 25, 1.00, '12.00', '13.00', '13.00', '0.00', 'a', NULL, NULL, 1, NULL, '2023-02-09 15:31:42', '2023-02-09 15:31:42'),
(174, 109, 29, 2.00, '400.00', '480.00', '960.00', '0.00', 'a', NULL, NULL, 1, NULL, '2023-02-09 15:31:42', '2023-02-09 15:31:42'),
(175, 110, 32, 25.00, '65.00', '100.00', '2500.00', '0.00', 'a', NULL, NULL, 1, NULL, '2023-02-09 16:48:08', '2023-02-09 16:48:08'),
(176, 111, 32, 50.00, '65.00', '100.00', '5000.00', '0.00', 'a', NULL, NULL, 1, NULL, '2023-02-09 18:36:34', '2023-02-09 18:36:34'),
(177, 112, 19, 2.00, '866.00', '870.00', '1740.00', '0.00', 'a', NULL, NULL, 1, NULL, '2023-02-09 21:31:45', '2023-02-09 21:31:45'),
(178, 112, 6, 1.00, '6150.00', '7000.00', '7000.00', '0.00', 'a', NULL, NULL, 1, NULL, '2023-02-09 21:31:45', '2023-02-09 21:31:45'),
(179, 112, 20, 50.00, '10.00', '12.00', '600.00', '0.00', 'a', NULL, NULL, 1, NULL, '2023-02-09 21:31:45', '2023-02-09 21:31:45'),
(180, 113, 13, 1.00, '165000.00', '160000.00', '160000.00', '0.00', 'a', NULL, NULL, 1, NULL, '2023-02-09 21:34:08', '2023-02-09 21:34:08'),
(181, 113, 26, 8.00, '55.00', '60.00', '480.00', '0.00', 'a', NULL, NULL, 1, NULL, '2023-02-09 21:34:08', '2023-02-09 21:34:08'),
(182, 113, 28, 100.00, '250.00', '260.00', '26000.00', '0.00', 'a', NULL, NULL, 1, NULL, '2023-02-09 21:34:08', '2023-02-09 21:34:08'),
(183, 114, 30, 5.00, '130.00', '135.00', '675.00', '0.00', 'a', NULL, NULL, 1, NULL, '2023-02-11 19:36:09', '2023-02-11 19:36:09'),
(184, 114, 28, 5.00, '250.00', '280.00', '1400.00', '0.00', 'a', NULL, NULL, 1, NULL, '2023-02-11 19:36:09', '2023-02-11 19:36:09'),
(185, 115, 32, 5.00, '65.00', '120.00', '600.00', '0.00', 'a', NULL, NULL, 1, NULL, '2023-02-11 19:37:57', '2023-02-11 19:37:57'),
(186, 116, 31, 10.00, '700.00', '1200.00', '12000.00', '0.00', 'a', NULL, NULL, 1, NULL, '2023-02-13 17:20:50', '2023-02-13 17:20:50'),
(187, 117, 31, 5.00, '700.00', '1490.00', '7450.00', '0.00', 'a', NULL, NULL, 1, NULL, '2023-02-13 18:30:03', '2023-02-13 18:30:03'),
(188, 118, 23, 1.00, '110.00', '150.00', '150.00', '0.00', 'a', NULL, NULL, 1, NULL, '2023-02-13 21:01:49', '2023-02-13 21:01:49'),
(189, 119, 22, 1.00, '50.00', '65.00', '65.00', '0.00', 'a', NULL, NULL, 1, NULL, '2023-02-14 13:56:41', '2023-02-14 13:56:41'),
(190, 119, 33, 2.00, '38.00', '75.00', '150.00', '0.00', 'a', NULL, NULL, 1, NULL, '2023-02-14 13:56:41', '2023-02-14 13:56:41'),
(191, 120, 20, 9.00, '10.00', '12.00', '108.00', '0.00', 'a', NULL, NULL, 1, NULL, '2023-02-14 13:59:51', '2023-02-14 13:59:51'),
(192, 121, 30, 1.00, '130.00', '135.00', '135.00', '0.00', 'a', NULL, NULL, 1, NULL, '2023-02-14 21:33:50', '2023-02-14 21:33:50'),
(193, 122, 35, 1.00, '60.00', '70.00', '70.00', '0.00', 'a', NULL, NULL, 1, NULL, '2023-02-15 19:28:27', '2023-02-15 19:28:27'),
(194, 123, 35, 1.00, '60.00', '70.00', '70.00', '0.00', 'a', NULL, NULL, 1, NULL, '2023-02-15 21:24:15', '2023-02-15 21:24:15'),
(195, 124, 31, 1.00, '700.00', '1490.00', '1490.00', '0.00', 'a', NULL, NULL, 1, NULL, '2023-02-16 15:14:38', '2023-02-16 15:14:38'),
(196, 125, 32, 1.00, '65.00', '120.00', '120.00', '0.00', 'a', NULL, NULL, 1, NULL, '2023-02-16 15:38:47', '2023-02-16 15:38:47'),
(197, 126, 33, 1.00, '38.00', '75.00', '75.00', '0.00', 'a', NULL, NULL, 1, NULL, '2023-02-16 16:10:49', '2023-02-16 16:10:49'),
(198, 127, 10, 1.00, '6900.00', '8000.00', '8000.00', '0.00', 'a', NULL, NULL, 1, NULL, '2023-02-17 20:00:54', '2023-02-17 20:00:54'),
(199, 128, 32, 10.00, '65.00', '100.00', '1000.00', '0.00', 'a', NULL, NULL, 1, NULL, '2023-02-18 16:43:27', '2023-02-18 16:43:27'),
(200, 128, 36, 200.00, '170.00', '200.00', '40000.00', '0.00', 'a', NULL, NULL, 1, NULL, '2023-02-18 16:43:27', '2023-02-18 16:43:27'),
(201, 129, 36, 200.00, '170.00', '200.00', '40000.00', '0.00', 'a', NULL, NULL, 1, NULL, '2023-02-18 16:48:36', '2023-02-18 16:48:36'),
(202, 129, 11, 500.00, '350.00', '380.00', '190000.00', '0.00', 'a', NULL, NULL, 1, NULL, '2023-02-18 16:48:36', '2023-02-18 16:48:36'),
(203, 129, 32, 20.00, '65.00', '100.00', '2000.00', '0.00', 'a', NULL, NULL, 1, NULL, '2023-02-18 16:48:36', '2023-02-18 16:48:36'),
(204, 130, 35, 2.00, '60.00', '65.00', '130.00', '0.00', 'a', NULL, NULL, 1, NULL, '2023-02-18 18:15:18', '2023-02-18 18:15:18'),
(205, 131, 37, 12.00, '205.00', '210.00', '2520.00', '0.00', 'a', NULL, NULL, 1, NULL, '2023-02-19 10:53:58', '2023-02-19 10:53:58'),
(207, 132, 36, 90.00, '170.00', '350.00', '31500.00', '0.00', 'a', NULL, NULL, 1, NULL, '2023-02-19 12:52:55', '2023-02-19 12:52:55'),
(208, 132, 33, 20.00, '38.00', '75.00', '1500.00', '0.00', 'a', NULL, NULL, 1, NULL, '2023-02-19 12:52:55', '2023-02-19 12:52:55'),
(209, 132, 37, 1.00, '205.00', '205.00', '205.00', '0.00', 'a', NULL, NULL, 1, NULL, '2023-02-19 12:52:55', '2023-02-19 12:52:55'),
(210, 133, 28, 2.00, '250.00', '280.00', '560.00', '0.00', 'a', NULL, NULL, 1, NULL, '2023-02-19 12:55:31', '2023-02-19 12:55:31'),
(211, 133, 37, 7.00, '205.00', '205.00', '1435.00', '0.00', 'a', NULL, NULL, 1, NULL, '2023-02-19 12:55:31', '2023-02-19 12:55:31'),
(212, 134, 32, 20.00, '65.00', '120.00', '2400.00', '0.00', 'a', NULL, NULL, 1, NULL, '2023-02-20 10:44:33', '2023-02-20 10:44:33'),
(213, 135, 36, 2.00, '170.00', '350.00', '700.00', '0.00', 'a', NULL, NULL, 1, NULL, '2023-02-20 14:56:45', '2023-02-20 14:56:45'),
(214, 136, 37, 12.00, '205.00', '225.00', '2700.00', '0.00', 'a', NULL, NULL, 1, NULL, '2023-02-20 18:59:01', '2023-02-20 18:59:01'),
(216, 137, 37, 1.00, '205.00', '225.00', '225.00', '0.00', 'a', NULL, NULL, 1, NULL, '2023-02-20 20:09:11', '2023-02-20 20:09:11'),
(217, 138, 37, 37.00, '205.00', '225.00', '8325.00', '0.00', 'a', NULL, NULL, 1, NULL, '2023-02-20 22:42:30', '2023-02-20 22:42:30'),
(218, 138, 11, 12.00, '350.00', '450.00', '5400.00', '0.00', 'a', NULL, NULL, 1, NULL, '2023-02-20 22:42:30', '2023-02-20 22:42:30'),
(219, 138, 12, 1.00, '35000.00', '40000.00', '40000.00', '0.00', 'a', NULL, NULL, 1, NULL, '2023-02-20 22:42:30', '2023-02-20 22:42:30'),
(220, 139, 10, 1.00, '6900.00', '8000.00', '8000.00', '0.00', 'a', NULL, NULL, 1, NULL, '2023-02-21 10:31:41', '2023-02-21 10:31:41'),
(221, 139, 22, 1.00, '50.00', '65.00', '65.00', '0.00', 'a', NULL, NULL, 1, NULL, '2023-02-21 10:31:41', '2023-02-21 10:31:41'),
(222, 139, 37, 1.00, '205.00', '225.00', '225.00', '0.00', 'a', NULL, NULL, 1, NULL, '2023-02-21 10:31:41', '2023-02-21 10:31:41'),
(223, 140, 32, 10.00, '65.00', '100.00', '1000.00', '0.00', 'a', NULL, NULL, 1, NULL, '2023-02-21 16:30:19', '2023-02-21 16:30:19'),
(224, 141, 30, 1.00, '130.00', '135.00', '135.00', '0.00', 'a', NULL, NULL, 1, NULL, '2023-02-21 18:13:53', '2023-02-21 18:13:53'),
(225, 141, 31, 1.00, '700.00', '1490.00', '1490.00', '0.00', 'a', NULL, NULL, 1, NULL, '2023-02-21 18:13:53', '2023-02-21 18:13:53'),
(226, 142, 30, 1.00, '130.00', '135.00', '135.00', '0.00', 'a', NULL, NULL, 1, NULL, '2023-02-21 18:16:10', '2023-02-21 18:16:10'),
(227, 143, 30, 2.00, '130.00', '135.00', '270.00', '0.00', 'a', NULL, NULL, 1, NULL, '2023-02-25 11:04:39', '2023-02-25 11:04:39'),
(228, 144, 31, 3.00, '700.00', '1490.00', '4470.00', '0.00', 'a', NULL, NULL, 1, NULL, '2023-02-27 19:30:21', '2023-02-27 19:30:21'),
(229, 144, 32, 4.00, '65.00', '120.00', '480.00', '0.00', 'a', NULL, NULL, 1, NULL, '2023-02-27 19:30:21', '2023-02-27 19:30:21'),
(230, 144, 40, 0.20, '35.75', '38.75', '7.75', '0.00', 'a', NULL, NULL, 1, NULL, '2023-02-27 19:30:21', '2023-02-27 19:30:21'),
(231, 145, 36, 299.00, '170.00', '200.00', '59800.00', '0.00', 'a', NULL, NULL, 1, NULL, '2023-03-02 12:00:50', '2023-03-02 12:00:50'),
(232, 146, 23, 3.00, '110.00', '150.00', '450.00', '0.00', 'a', NULL, NULL, 1, NULL, '2023-03-07 15:23:44', '2023-03-07 15:23:44'),
(233, 146, 40, 2.00, '35.75', '38.75', '77.50', '0.00', 'a', NULL, NULL, 1, NULL, '2023-03-07 15:23:44', '2023-03-07 15:23:44'),
(234, 147, 17, 2.00, '80.00', '120.00', '240.00', '0.00', 'a', NULL, NULL, 1, NULL, '2023-03-07 15:28:13', '2023-03-07 15:28:13'),
(235, 147, 1, 12.00, '450.00', '650.00', '7800.00', '0.00', 'a', NULL, NULL, 1, NULL, '2023-03-07 15:28:13', '2023-03-07 15:28:13'),
(236, 148, 39, 10.00, '100000.00', '10.00', '100.00', '0.00', 'a', NULL, NULL, 1, NULL, '2023-03-08 16:23:57', '2023-03-08 16:23:57'),
(237, 149, 13, 1.00, '165000.00', '166000.00', '166000.00', '0.00', 'a', NULL, NULL, 1, NULL, '2023-03-11 12:36:30', '2023-03-11 12:36:30'),
(238, 150, 23, 2.00, '110.00', '150.00', '300.00', '0.00', 'a', NULL, NULL, 1, NULL, '2023-03-11 13:07:08', '2023-03-11 13:07:08'),
(239, 151, 14, 200.00, '4.00', '5.00', '1000.00', '0.00', 'a', NULL, NULL, 1, NULL, '2023-03-11 18:33:45', '2023-03-11 18:33:45'),
(240, 151, 22, 1.00, '50.00', '65.00', '65.00', '0.00', 'a', NULL, NULL, 1, NULL, '2023-03-11 18:33:45', '2023-03-11 18:33:45'),
(241, 151, 40, 100.00, '35.75', '38.75', '3875.00', '0.00', 'a', NULL, NULL, 1, NULL, '2023-03-11 18:33:45', '2023-03-11 18:33:45'),
(242, 152, 1, 2.00, '450.00', '650.00', '1300.00', '0.00', 'a', NULL, NULL, 1, NULL, '2023-03-13 12:18:02', '2023-03-13 12:18:02'),
(243, 152, 40, 3.00, '35.75', '38.75', '116.25', '0.00', 'a', NULL, NULL, 1, NULL, '2023-03-13 12:18:02', '2023-03-13 12:18:02'),
(244, 153, 40, 5.00, '35.75', '38.75', '193.75', '0.00', 'a', NULL, NULL, 1, NULL, '2023-03-16 23:41:41', '2023-03-16 23:41:41'),
(245, 154, 40, 500.00, '35.75', '38.75', '19375.00', '0.00', 'a', NULL, NULL, 1, NULL, '2023-03-21 15:38:57', '2023-03-21 15:38:57'),
(246, 155, 22, 1.00, '50.00', '65.00', '65.00', '0.00', 'a', NULL, NULL, 1, NULL, '2023-03-21 15:49:58', '2023-03-21 15:49:58'),
(247, 155, 40, 10.00, '35.75', '38.75', '387.50', '0.00', 'a', NULL, NULL, 1, NULL, '2023-03-21 15:49:58', '2023-03-21 15:49:58'),
(248, 156, 36, 50.00, '170.00', '350.00', '17500.00', '0.00', 'a', NULL, NULL, 1, NULL, '2023-03-27 08:55:14', '2023-03-27 08:55:14'),
(249, 156, 40, 21.00, '35.75', '38.75', '813.75', '0.00', 'a', NULL, NULL, 1, NULL, '2023-03-27 08:55:14', '2023-03-27 08:55:14'),
(250, 157, 12, 3.00, '35000.00', '40000.00', '120000.00', '0.00', 'a', NULL, NULL, 1, NULL, '2023-03-27 13:37:56', '2023-03-27 13:37:56'),
(251, 157, 40, 4.00, '35.75', '38.75', '155.00', '0.00', 'a', NULL, NULL, 1, NULL, '2023-03-27 13:37:56', '2023-03-27 13:37:56'),
(252, 158, 40, 6.00, '35.75', '38.75', '232.50', '0.00', 'a', NULL, NULL, 1, NULL, '2023-03-27 14:38:55', '2023-03-27 14:38:55'),
(253, 159, 1, 20.00, '450.00', '650.00', '13000.00', '0.00', 'a', NULL, NULL, 1, NULL, '2023-03-31 18:09:22', '2023-03-31 18:09:22'),
(254, 160, 35, 20.00, '60.00', '65.00', '1300.00', '0.00', 'a', NULL, NULL, 1, NULL, '2023-03-31 18:52:07', '2023-03-31 18:52:07'),
(255, 161, 35, 20.00, '60.00', '65.00', '1300.00', '0.00', 'a', NULL, NULL, 1, NULL, '2023-03-31 18:52:48', '2023-03-31 18:52:48'),
(256, 162, 11, 500.00, '350.00', '380.00', '190000.00', '0.00', 'a', NULL, NULL, 1, NULL, '2023-04-02 11:14:59', '2023-04-02 11:14:59'),
(257, 162, 1, 180.00, '450.00', '500.00', '90000.00', '0.00', 'a', NULL, NULL, 1, NULL, '2023-04-02 11:14:59', '2023-04-02 11:14:59'),
(258, 163, 12, 5.00, '35000.00', '38500.00', '192500.00', '0.00', 'a', NULL, NULL, 1, NULL, '2023-04-02 11:44:41', '2023-04-02 11:44:41'),
(259, 164, 35, 1.00, '60.00', '70.00', '70.00', '0.00', 'a', NULL, NULL, 1, NULL, '2023-04-03 21:50:51', '2023-04-03 21:50:51'),
(260, 165, 41, 100.00, '110.00', '115.00', '11500.00', '0.00', 'a', NULL, NULL, 1, NULL, '2023-04-04 12:08:35', '2023-04-04 12:08:35'),
(261, 166, 40, 5.00, '35.75', '38.75', '193.75', '0.00', 'a', NULL, NULL, 1, NULL, '2023-04-04 21:43:42', '2023-04-04 21:43:42'),
(262, 167, 40, 5.00, '35.75', '38.75', '193.75', '0.00', 'a', NULL, NULL, 1, NULL, '2023-04-04 21:43:42', '2023-04-04 21:43:42'),
(263, 168, 40, 5.00, '35.75', '38.75', '193.75', '0.00', 'a', NULL, NULL, 1, NULL, '2023-04-04 21:43:42', '2023-04-04 21:43:42'),
(264, 169, 40, 5.00, '35.75', '38.75', '193.75', '0.00', 'a', NULL, NULL, 1, NULL, '2023-04-04 23:58:50', '2023-04-04 23:58:50'),
(265, 170, 18, 50.00, '10.00', '12.00', '600.00', '0.00', 'a', NULL, NULL, 1, NULL, '2023-04-05 09:59:52', '2023-04-05 09:59:52'),
(266, 170, 40, 4433.00, '35.75', '38.75', '171778.75', '0.00', 'a', NULL, NULL, 1, NULL, '2023-04-05 09:59:52', '2023-04-05 09:59:52'),
(267, 171, 35, 1.00, '60.00', '70.00', '70.00', '0.00', 'a', NULL, NULL, 1, NULL, '2023-04-05 15:14:18', '2023-04-05 15:14:18'),
(268, 172, 1, 5.00, '450.00', '650.00', '3250.00', '0.00', 'a', NULL, NULL, 1, NULL, '2023-04-05 22:28:28', '2023-04-05 22:28:28'),
(269, 173, 23, 100.00, '110.00', '150.00', '15000.00', '0.00', 'a', NULL, NULL, 1, NULL, '2023-04-08 18:05:11', '2023-04-08 18:05:11'),
(270, 173, 35, 1.00, '60.00', '70.00', '70.00', '0.00', 'a', NULL, NULL, 1, NULL, '2023-04-08 18:05:11', '2023-04-08 18:05:11'),
(271, 174, 45, 57.00, '430.00', '790.00', '45030.00', '0.00', 'a', NULL, NULL, 1, NULL, '2023-04-09 11:49:35', '2023-04-09 11:49:35'),
(272, 175, 35, 4.00, '60.00', '70.00', '280.00', '0.00', 'a', NULL, NULL, 1, NULL, '2023-04-30 09:48:10', '2023-04-30 09:48:10'),
(273, 175, 45, 4.00, '430.00', '790.00', '3160.00', '0.00', 'a', NULL, NULL, 1, NULL, '2023-04-30 09:48:10', '2023-04-30 09:48:10'),
(274, 175, 40, 1.00, '35.75', '38.75', '38.75', '0.00', 'a', NULL, NULL, 1, NULL, '2023-04-30 09:48:10', '2023-04-30 09:48:10'),
(275, 176, 35, 1.00, '60.00', '70.00', '70.00', '0.00', 'a', NULL, NULL, 1, NULL, '2023-04-30 17:19:29', '2023-04-30 17:19:29'),
(276, 177, 36, 1.00, '170.00', '350.00', '350.00', '0.00', 'a', NULL, NULL, 1, NULL, '2023-05-01 09:45:37', '2023-05-01 09:45:37'),
(277, 178, 40, 1.00, '35.75', '38.75', '38.75', '0.00', 'a', NULL, NULL, 1, NULL, '2023-05-01 09:50:09', '2023-05-01 09:50:09'),
(280, 179, 48, 5.00, '3500.00', '5500.00', '27500.00', '0.00', 'a', NULL, NULL, 1, NULL, '2023-05-02 17:10:13', '2023-05-02 17:10:13'),
(279, 180, 48, 10.00, '3500.00', '4800.00', '48000.00', '0.00', 'a', NULL, NULL, 1, NULL, '2023-05-02 17:08:38', '2023-05-02 17:08:38'),
(281, 181, 11, 1500.00, '350.00', '450.00', '675000.00', '0.00', 'a', NULL, NULL, 1, NULL, '2023-05-04 10:56:40', '2023-05-04 10:56:40'),
(282, 182, 45, 1.00, '430.00', '790.00', '790.00', '0.00', 'a', NULL, NULL, 1, NULL, '2023-05-09 16:39:31', '2023-05-09 16:39:31'),
(283, 183, 42, 10.00, '747856.00', '543456374245.00', '5434563742450.00', '0.00', 'a', NULL, NULL, 1, NULL, '2023-05-09 17:23:42', '2023-05-09 17:23:42'),
(284, 183, 48, 10.00, '3500.00', '5500.00', '55000.00', '0.00', 'a', NULL, NULL, 1, NULL, '2023-05-09 17:23:42', '2023-05-09 17:23:42'),
(285, 184, 48, 10.00, '3500.00', '5500.00', '55000.00', '0.00', 'a', NULL, NULL, 1, NULL, '2023-05-09 18:18:58', '2023-05-09 18:18:58'),
(286, 185, 45, 20.00, '430.00', '790.00', '15800.00', '0.00', 'a', NULL, NULL, 1, NULL, '2023-05-09 18:20:07', '2023-05-09 18:20:07'),
(287, 186, 45, 5.00, '430.00', '790.00', '3950.00', '0.00', 'a', NULL, NULL, 1, NULL, '2023-05-09 18:36:12', '2023-05-09 18:36:12'),
(288, 187, 42, 5.00, '747856.00', '543456374245.00', '2717281871225.00', '0.00', 'a', NULL, NULL, 1, NULL, '2023-05-09 21:13:53', '2023-05-09 21:13:53'),
(289, 188, 45, 2.00, '430.00', '790.00', '790.00', '0.00', 'a', NULL, NULL, 1, NULL, '2023-05-09 21:32:07', '2023-05-09 21:32:07'),
(303, 189, 45, 24.00, '430.00', '780.00', '18720.00', '0.00', 'a', NULL, NULL, 1, NULL, '2023-05-11 11:47:09', '2023-05-11 11:47:09'),
(302, 189, 35, 3.00, '60.00', '70.00', '210.00', '0.00', 'a', NULL, NULL, 1, NULL, '2023-05-11 11:47:09', '2023-05-11 11:47:09'),
(292, 190, 30, 1.00, '130.00', '135.00', '135.00', '0.00', 'a', NULL, NULL, 1, NULL, '2023-05-10 17:01:13', '2023-05-10 17:01:13'),
(293, 190, 42, 1.00, '747856.00', '543456374245.00', '543456374245.00', '0.00', 'a', NULL, NULL, 1, NULL, '2023-05-10 17:01:13', '2023-05-10 17:01:13'),
(294, 191, 48, 1.00, '3500.00', '5500.00', '5500.00', '0.00', 'a', NULL, NULL, 1, NULL, '2023-05-11 07:35:56', '2023-05-11 07:35:56'),
(295, 192, 40, 1.00, '35.75', '38.75', '38.75', '0.00', 'a', NULL, NULL, 1, NULL, '2023-05-11 10:21:40', '2023-05-11 10:21:40'),
(301, 193, 48, 1.00, '3500.00', '50.00', '50.00', '0.00', 'a', NULL, NULL, 1, NULL, '2023-05-11 11:46:24', '2023-05-11 11:46:24'),
(300, 193, 40, 2.00, '35.75', '38.75', '77.50', '0.00', 'a', NULL, NULL, 1, NULL, '2023-05-11 11:46:24', '2023-05-11 11:46:24'),
(299, 193, 45, 20.00, '430.00', '790.00', '15800.00', '0.00', 'a', NULL, NULL, 1, NULL, '2023-05-11 11:46:24', '2023-05-11 11:46:24'),
(304, 194, 41, 1.00, '110.00', '115.00', '115.00', '0.00', 'a', NULL, NULL, 1, NULL, '2023-05-11 18:04:42', '2023-05-11 18:04:42'),
(305, 194, 45, 1.00, '430.00', '790.00', '790.00', '0.00', 'a', NULL, NULL, 1, NULL, '2023-05-11 18:04:42', '2023-05-11 18:04:42'),
(306, 195, 45, 5.00, '430.00', '790.00', '3950.00', '0.00', 'a', NULL, NULL, 1, NULL, '2023-05-11 19:03:23', '2023-05-11 19:03:23'),
(307, 196, 48, 8.00, '3500.00', '5500.00', '44000.00', '0.00', 'a', NULL, NULL, 1, NULL, '2023-05-11 19:16:13', '2023-05-11 19:16:13'),
(308, 197, 41, 1.00, '110.00', '115.00', '115.00', '0.00', 'a', NULL, NULL, 1, NULL, '2023-05-12 11:33:48', '2023-05-12 11:33:48'),
(309, 198, 32, 1.00, '65.00', '120.00', '120.00', '0.00', 'a', NULL, NULL, 1, NULL, '2023-05-12 11:34:52', '2023-05-12 11:34:52'),
(315, 199, 20, 1.00, '10.00', '12.00', '12.00', '0.00', 'a', NULL, NULL, 1, NULL, '2023-05-13 22:42:13', '2023-05-13 22:42:13'),
(314, 199, 38, 1.00, '28500.00', '32990.00', '32990.00', '0.00', 'a', NULL, NULL, 1, NULL, '2023-05-13 22:42:13', '2023-05-13 22:42:13'),
(313, 199, 40, 2.00, '35.75', '38.75', '77.50', '0.00', 'a', NULL, NULL, 1, NULL, '2023-05-13 22:42:13', '2023-05-13 22:42:13'),
(316, 200, 45, 10.00, '430.00', '790.00', '7900.00', '0.00', 'd', NULL, NULL, 1, '2023-05-14 09:40:34', '2023-05-14 09:31:48', '2023-05-14 09:40:34'),
(317, 201, 19, 1.00, '866.00', '870.00', '870.00', '0.00', 'a', NULL, NULL, 1, NULL, '2023-05-14 13:18:36', '2023-05-14 13:18:36'),
(318, 201, 45, 1.00, '430.00', '790.00', '790.00', '0.00', 'a', NULL, NULL, 1, NULL, '2023-05-14 13:18:36', '2023-05-14 13:18:36'),
(319, 203, 45, 20.00, '430.00', '790.00', '15800.00', '0.00', 'a', NULL, NULL, 1, NULL, '2023-05-14 14:17:04', '2023-05-14 14:17:04'),
(320, 204, 48, 1.00, '3500.00', '5500.00', '5500.00', '0.00', 'a', NULL, NULL, 1, NULL, '2023-05-14 14:18:17', '2023-05-14 14:18:17'),
(321, 205, 45, 1.00, '430.00', '790.00', '790.00', '0.00', 'a', NULL, NULL, 1, NULL, '2023-05-14 14:32:21', '2023-05-14 14:32:21'),
(322, 206, 41, 2.00, '110.00', '115.00', '115.00', '0.00', 'a', NULL, NULL, 1, NULL, '2023-05-14 15:26:42', '2023-05-14 15:26:42'),
(323, 207, 48, 3.00, '3500.00', '5500.00', '16500.00', '0.00', 'a', NULL, NULL, 1, NULL, '2023-05-14 20:55:43', '2023-05-14 20:55:43'),
(324, 208, 1, 1.00, '450.00', '650.00', '650.00', '0.00', 'a', NULL, NULL, 1, NULL, '2023-05-14 21:26:57', '2023-05-14 21:26:57'),
(325, 209, 48, 10.00, '3500.00', '5500.00', '5500.00', '0.00', 'a', NULL, NULL, 1, NULL, '2023-05-15 18:53:02', '2023-05-15 18:53:02'),
(326, 210, 45, 10.00, '430.00', '790.00', '7900.00', '0.00', 'd', NULL, NULL, 1, '2023-05-16 16:22:14', '2023-05-16 14:49:20', '2023-05-16 16:22:14'),
(327, 211, 45, 5.00, '430.00', '790.00', '3950.00', '0.00', 'a', NULL, NULL, 1, NULL, '2023-05-18 00:09:09', '2023-05-18 00:09:09'),
(328, 211, 42, 5.00, '747856.00', '543456374245.00', '2717281871225.00', '0.00', 'a', NULL, NULL, 1, NULL, '2023-05-18 00:09:09', '2023-05-18 00:09:09'),
(329, 212, 55, 500.00, '30.00', '33.00', '16500.00', '0.00', 'a', NULL, NULL, 1, NULL, '2023-05-18 10:41:16', '2023-05-18 10:41:16'),
(330, 213, 17, 1.00, '80.00', '120.00', '120.00', '0.00', 'a', NULL, NULL, 1, NULL, '2023-05-19 08:45:43', '2023-05-19 08:45:43'),
(331, 213, 13, 1.00, '165000.00', '166000.00', '166000.00', '0.00', 'a', NULL, NULL, 1, NULL, '2023-05-19 08:45:43', '2023-05-19 08:45:43'),
(332, 213, 36, 11.00, '170.00', '350.00', '3850.00', '0.00', 'a', NULL, NULL, 1, NULL, '2023-05-19 08:45:43', '2023-05-19 08:45:43'),
(333, 213, 55, 11.00, '30.00', '32.00', '352.00', '0.00', 'a', NULL, NULL, 1, NULL, '2023-05-19 08:45:43', '2023-05-19 08:45:43'),
(334, 213, 39, 11.00, '100000.00', '120000.00', '1320000.00', '0.00', 'a', NULL, NULL, 1, NULL, '2023-05-19 08:45:43', '2023-05-19 08:45:43'),
(335, 213, 42, 1.00, '747856.00', '11.00', '11.00', '0.00', 'a', NULL, NULL, 1, NULL, '2023-05-19 08:45:43', '2023-05-19 08:45:43'),
(336, 213, 40, 10.00, '35.75', '38.75', '387.50', '0.00', 'a', NULL, NULL, 1, NULL, '2023-05-19 08:45:43', '2023-05-19 08:45:43'),
(337, 214, 56, 120.00, '1.00', '120.00', '14400.00', '0.00', 'a', NULL, NULL, 1, NULL, '2023-05-19 09:33:37', '2023-05-19 09:33:37'),
(338, 215, 15, 10.00, '392.00', '420.00', '4200.00', '0.00', 'a', NULL, NULL, 2, NULL, '2023-05-19 13:38:02', '2023-05-19 13:38:02'),
(339, 216, 15, 2.00, '392.00', '420.00', '840.00', '0.00', 'a', NULL, NULL, 2, NULL, '2023-05-19 13:46:16', '2023-05-19 13:46:16'),
(340, 217, 15, 2.00, '392.00', '22.00', '44.00', '0.00', 'a', NULL, NULL, 2, NULL, '2023-05-19 14:05:35', '2023-05-19 14:05:35'),
(341, 218, 15, 11.00, '392.00', '1000000.00', '11000000.00', '0.00', 'a', NULL, NULL, 2, NULL, '2023-05-19 14:34:29', '2023-05-19 14:34:29'),
(342, 219, 15, 2.00, '392.00', '420.00', '840.00', '0.00', 'a', NULL, NULL, 2, NULL, '2023-05-19 14:39:30', '2023-05-19 14:39:30'),
(343, 220, 57, 3.00, '120.00', '140.00', '140.00', '0.00', 'a', NULL, NULL, 1, NULL, '2023-05-20 06:27:42', '2023-05-20 06:27:42'),
(352, 221, 59, 3.00, '6.00', '3.00', '3.00', '0.00', 'a', NULL, NULL, 1, NULL, '2023-05-20 16:00:58', '2023-05-20 16:00:58'),
(348, 222, 61, 6.00, '1000.00', '1600.00', '9600.00', '0.00', 'a', NULL, NULL, 1, NULL, '2023-05-20 15:15:19', '2023-05-20 15:15:19'),
(349, 223, 63, 2.00, '270.00', '350.00', '350.00', '0.00', 'a', NULL, NULL, 1, NULL, '2023-05-20 15:52:53', '2023-05-20 15:52:53'),
(350, 223, 62, 5.00, '350.00', '450.00', '450.00', '0.00', 'a', NULL, NULL, 1, NULL, '2023-05-20 15:52:53', '2023-05-20 15:52:53'),
(351, 223, 64, 10.00, '180.00', '250.00', '250.00', '0.00', 'a', NULL, NULL, 1, NULL, '2023-05-20 15:52:53', '2023-05-20 15:52:53'),
(353, 224, 64, 15.00, '180.00', '250.00', '250.00', '0.00', 'a', NULL, NULL, 1, NULL, '2023-05-20 16:52:47', '2023-05-20 16:52:47'),
(354, 225, 65, 10.00, '12.00', '15.00', '15.00', '0.00', 'a', NULL, NULL, 1, NULL, '2023-05-20 17:02:04', '2023-05-20 17:02:04'),
(355, 226, 61, 2.00, '1000.00', '1600.00', '1600.00', '0.00', 'a', NULL, NULL, 1, NULL, '2023-05-20 17:05:54', '2023-05-20 17:05:54'),
(356, 227, 65, 15.00, '12.00', '15.00', '225.00', '0.00', 'a', NULL, NULL, 1, NULL, '2023-05-21 14:22:06', '2023-05-21 14:22:06'),
(357, 228, 66, 7.00, '1400.00', '1500.00', '1500.00', '0.00', 'a', NULL, NULL, 1, NULL, '2023-05-21 14:26:14', '2023-05-21 14:26:14'),
(358, 229, 65, 6.00, '12.00', '15.00', '90.00', '0.00', 'a', NULL, NULL, 1, NULL, '2023-05-22 08:56:05', '2023-05-22 08:56:05'),
(359, 230, 65, 5.00, '12.00', '15.00', '75.00', '0.00', 'd', NULL, NULL, 1, '2023-05-22 10:35:13', '2023-05-22 08:59:31', '2023-05-22 10:35:13'),
(360, 231, 65, 4.00, '12.00', '13.00', '52.00', '0.00', 'a', NULL, NULL, 1, NULL, '2023-05-22 09:17:09', '2023-05-22 09:17:09'),
(361, 232, 63, 2.00, '270.00', '350.00', '700.00', '0.00', 'a', NULL, NULL, 1, NULL, '2023-05-22 10:29:11', '2023-05-22 10:29:11'),
(362, 233, 57, 100.00, '120.00', '140.00', '14000.00', '0.00', 'a', NULL, NULL, 1, NULL, '2023-05-22 14:29:27', '2023-05-22 14:29:27'),
(363, 234, 61, 1.00, '1000.00', '1600.00', '1600.00', '0.00', 'a', NULL, NULL, 1, NULL, '2023-05-22 20:21:48', '2023-05-22 20:21:48'),
(364, 234, 63, 2.00, '270.00', '350.00', '700.00', '0.00', 'a', NULL, NULL, 1, NULL, '2023-05-22 20:21:48', '2023-05-22 20:21:48'),
(365, 235, 54, 1.00, '30.00', '32.00', '32.00', '0.00', 'a', NULL, NULL, 1, NULL, '2023-05-22 20:23:03', '2023-05-22 20:23:03'),
(366, 235, 60, 1.00, '1222.00', '12222.00', '12222.00', '0.00', 'a', NULL, NULL, 1, NULL, '2023-05-22 20:23:03', '2023-05-22 20:23:03'),
(367, 236, 64, 2.00, '180.00', '250.00', '500.00', '0.00', 'a', NULL, NULL, 1, NULL, '2023-05-22 20:24:29', '2023-05-22 20:24:29'),
(368, 237, 65, 1.00, '12.00', '15.00', '15.00', '0.00', 'a', NULL, NULL, 1, NULL, '2023-05-23 04:07:05', '2023-05-23 04:07:05'),
(369, 238, 67, 20.00, '9500.00', '12000.00', '240000.00', '0.00', 'd', NULL, NULL, 1, '2023-05-23 11:50:08', '2023-05-23 11:34:57', '2023-05-23 11:50:08'),
(370, 239, 61, 191.00, '1000.00', '1600.00', '305600.00', '0.00', 'a', NULL, NULL, 1, NULL, '2023-05-24 13:33:08', '2023-05-24 13:33:08'),
(371, 239, 67, 100.00, '9500.00', '12000.00', '1200000.00', '0.00', 'a', NULL, NULL, 1, NULL, '2023-05-24 13:33:08', '2023-05-24 13:33:08'),
(372, 240, 67, 50.00, '9500.00', '12000.00', '600000.00', '0.00', 'a', NULL, NULL, 1, NULL, '2023-05-24 13:36:35', '2023-05-24 13:36:35'),
(373, 241, 67, 50.00, '9500.00', '12000.00', '600000.00', '0.00', 'a', NULL, NULL, 1, NULL, '2023-05-24 13:47:51', '2023-05-24 13:47:51'),
(374, 241, 61, 200.00, '1000.00', '1600.00', '320000.00', '0.00', 'a', NULL, NULL, 1, NULL, '2023-05-24 13:47:51', '2023-05-24 13:47:51'),
(375, 242, 68, 9.00, '300.00', '400.00', '400.00', '0.00', 'a', NULL, NULL, 1, NULL, '2023-05-27 12:31:13', '2023-05-27 12:31:13'),
(376, 243, 69, 5.00, '40.00', '50.00', '50.00', '0.00', 'a', NULL, NULL, 1, NULL, '2023-05-27 12:35:18', '2023-05-27 12:35:18'),
(377, 244, 69, 10.00, '40.00', '50.00', '500.00', '0.00', 'a', NULL, NULL, 1, NULL, '2023-05-28 11:07:55', '2023-05-28 11:07:55'),
(386, 245, 70, 1.00, '700.00', '900.00', '2700.00', '0.00', 'a', NULL, NULL, 1, NULL, '2023-05-31 13:25:26', '2023-05-31 13:25:26'),
(385, 245, 71, 1.00, '910.00', '1200.00', '4800.00', '0.00', 'a', NULL, NULL, 1, NULL, '2023-05-31 13:25:26', '2023-05-31 13:25:26'),
(380, 246, 67, 320.00, '9500.00', '12000.00', '3840000.00', '0.00', 'a', NULL, NULL, 1, NULL, '2023-05-30 18:14:43', '2023-05-30 18:14:43'),
(381, 247, 67, 200.00, '9500.00', '12000.00', '2400000.00', '0.00', 'a', NULL, NULL, 1, NULL, '2023-05-31 11:23:05', '2023-05-31 11:23:05'),
(382, 247, 70, 90.00, '700.00', '900.00', '81000.00', '0.00', 'a', NULL, NULL, 1, NULL, '2023-05-31 11:23:05', '2023-05-31 11:23:05'),
(383, 247, 69, 985.00, '40.00', '50.00', '49250.00', '0.00', 'a', NULL, NULL, 1, NULL, '2023-05-31 11:23:05', '2023-05-31 11:23:05'),
(384, 247, 68, 200.00, '300.00', '400.00', '80000.00', '0.00', 'a', NULL, NULL, 1, NULL, '2023-05-31 11:23:05', '2023-05-31 11:23:05'),
(387, 248, 67, 300.00, '9500.00', '12000.00', '3600000.00', '0.00', 'a', NULL, NULL, 1, NULL, '2023-06-01 16:33:57', '2023-06-01 16:33:57'),
(388, 249, 69, 100.00, '40.00', '50.00', '5000.00', '0.00', 'a', NULL, NULL, 1, NULL, '2023-06-03 09:22:46', '2023-06-03 09:22:46'),
(389, 249, 70, 9.00, '700.00', '900.00', '8100.00', '0.00', 'a', NULL, NULL, 1, NULL, '2023-06-03 09:22:46', '2023-06-03 09:22:46'),
(390, 249, 71, 9.00, '910.00', '1200.00', '10800.00', '0.00', 'a', NULL, NULL, 1, NULL, '2023-06-03 09:22:46', '2023-06-03 09:22:46'),
(391, 250, 69, 900.00, '40.00', '50.00', '45000.00', '0.00', 'a', NULL, NULL, 1, NULL, '2023-06-03 09:26:14', '2023-06-03 09:26:14'),
(392, 250, 68, 41.00, '300.00', '400.00', '16400.00', '0.00', 'a', NULL, NULL, 1, NULL, '2023-06-03 09:26:14', '2023-06-03 09:26:14'),
(393, 250, 67, 100.00, '9500.00', '12000.00', '1200000.00', '0.00', 'a', NULL, NULL, 1, NULL, '2023-06-03 09:26:14', '2023-06-03 09:26:14'),
(394, 251, 69, 100.00, '40.00', '50.00', '5000.00', '0.00', 'a', NULL, NULL, 1, NULL, '2023-06-04 10:47:58', '2023-06-04 10:47:58');

--
-- Indexes for dumped tables
--

--
-- Indexes for table `products`
--
ALTER TABLE `products`
  ADD PRIMARY KEY (`id`);

--
-- Indexes for table `purchases`
--
ALTER TABLE `purchases`
  ADD PRIMARY KEY (`id`);

--
-- Indexes for table `purchase_details`
--
ALTER TABLE `purchase_details`
  ADD PRIMARY KEY (`id`),
  ADD KEY `purchase_details_purchase_id_foreign` (`purchase_id`),
  ADD KEY `purchase_details_product_id_foreign` (`product_id`),
  ADD KEY `purchase_details_added_by_foreign` (`added_by`),
  ADD KEY `purchase_details_updated_by_foreign` (`updated_by`),
  ADD KEY `purchase_details_branch_id_foreign` (`branch_id`);

--
-- Indexes for table `sales`
--
ALTER TABLE `sales`
  ADD PRIMARY KEY (`id`);

--
-- Indexes for table `sale_details`
--
ALTER TABLE `sale_details`
  ADD PRIMARY KEY (`id`),
  ADD KEY `sale_details_sale_id_foreign` (`sale_id`),
  ADD KEY `sale_details_product_id_foreign` (`product_id`),
  ADD KEY `sale_details_added_by_foreign` (`added_by`),
  ADD KEY `sale_details_updated_by_foreign` (`updated_by`),
  ADD KEY `sale_details_branch_id_foreign` (`branch_id`);

--
-- AUTO_INCREMENT for dumped tables
--

--
-- AUTO_INCREMENT for table `products`
--
ALTER TABLE `products`
  MODIFY `id` bigint UNSIGNED NOT NULL AUTO_INCREMENT, AUTO_INCREMENT=73;

--
-- AUTO_INCREMENT for table `purchases`
--
ALTER TABLE `purchases`
  MODIFY `id` bigint UNSIGNED NOT NULL AUTO_INCREMENT, AUTO_INCREMENT=105;

--
-- AUTO_INCREMENT for table `purchase_details`
--
ALTER TABLE `purchase_details`
  MODIFY `id` bigint UNSIGNED NOT NULL AUTO_INCREMENT, AUTO_INCREMENT=153;

--
-- AUTO_INCREMENT for table `sales`
--
ALTER TABLE `sales`
  MODIFY `id` bigint UNSIGNED NOT NULL AUTO_INCREMENT, AUTO_INCREMENT=252;

--
-- AUTO_INCREMENT for table `sale_details`
--
ALTER TABLE `sale_details`
  MODIFY `id` bigint UNSIGNED NOT NULL AUTO_INCREMENT, AUTO_INCREMENT=395;
COMMIT;

/*!40101 SET CHARACTER_SET_CLIENT=@OLD_CHARACTER_SET_CLIENT */;
/*!40101 SET CHARACTER_SET_RESULTS=@OLD_CHARACTER_SET_RESULTS */;
/*!40101 SET COLLATION_CONNECTION=@OLD_COLLATION_CONNECTION */;
